id	channel	duration_s	title
-A7u18b_QQM	EEVblog2	59	Lab basement fountain! Flood 2 - Electric Boogaloo
-B_PZnGBX4g	EEVblog2	666	NO SPOILER Reaction Review: Indiana Jones & The Dial Of Destiny
-GRFpUcTth0	EEVblog2	426	Star Wars: The Mandalorian Trailer Reaction
-IXfrQNu9Ug	EEVblog2	567	Pool Update - Custom Cover + Heat Pump + Bosch Power Tools
-YhipYO_wI0	EEVblog2	388	Powerhouse Museum Discovery Centre
-_sBhJVovWc	EEVblog2	91	Detail Test 60fps Original Footage
-wtAjR9aBQg	EEVblog2	390	Filling Out Another Stupid Youtube Survey
04qDj2GzD04	EEVblog	228	Die Hard Beer
0BYOK4us8nY	EEVblog2	86	Pool Update: Beadcrete Coating!
0DtX3ir7UYQ	EEVblog2	217	Chris Hadfield LIVE - Space Odditiy
0EoS2kcV_ig	EEVblog2	1706	MORE Youtube Surveys!
0HhmsPPu8fs	EEVblog2	200	Pool Update: Pipework + Fence posts
0Wb0LINHF8s	EEVblog2	1078	Ghostbusters Frozen Empire - Review (Spoiler Free)
0fEEdACthuE	EEVblog2	642	New Youtube Paid Subscription Service - Compulsory?
0pG5Ii-ycKQ	EEVblog2	168	ACL Knee Surgery Rehab DAY 9
0sWWLKCqfJs	EEVblog2	916	First Man (Neil Armstrong) - Trailer Reaction
1Icx9X7XUgM	EEVblog2	945	Was I Apprehensive Appearing in my  First Video?
2DUmZwWi6PM	EEVblog2	147	Hassan's Walls
2GMdjEMBP4s	EEVblog2	94	Record Hottest Sydney November Day
2L7UeInkkOs	EEVblog2	305	He's Dead Jim
2YcwVHM_4Ck	EEVblog	190	EEVblog Q&A #1 Announcement
2vsCgmQQR9s	EEVblog2	68	Out of The Matrix
37JniTa7uvg	EEVblog2	37	Dumpster Double Adapters
3UNPCi3J6Z4	EEVblog2	72	How to do The Tim Tam Slam
3YgVmL0anAU	EEVblog2	914	Creating MidJouney Bikini Multimeter Models
3_drShAJHrw	EEVblog2	55	Spinal Monkey
3aj7fY83okA	EEVblog2	22	Ditto! XMAS Lights
3e3sMS2pV14	EEVblog2	118	Canon HFG30 AVCHD 50P Test
3k3kjPKFhOg	EEVblog2	2160	Sydney vs New York Commercial Real Estate
3sEtXABtgmY	EEVblog2	399	Another Dumpster PC
42Fsz185D5g	EEVblog2	35	Chinese Phone SCAM Message
44Go5aDnrQc	EEVblog2	2162	Playing with the World's DUMBEST Crypto SCAMMER!
48jHn3nzr_Y	EEVblog2	16	EEVblog 80's Channel Intro
4Ehw-IpuOkI	EEVblog2	1126	Davinci Resolve Multi Camera Editing Is Driving Me Nuts
4SqryR3-8uE	EEVblog	301	eevBLAB #16 - 4K Render Youtube Experiment
4VB6CfgwLpE	EEVblog2	26	How a Professional Youtuber Thinks...
4Yze-I5tPfQ	EEVblog2	869	Automated Youtube Backup Alternatives
4cB2tQpxxng	EEVblog	288	Keysight Scope(s) GIVEAWAY!
4rBKP6gr5vE	EEVblog2	20	That Moment...
4zdpFagKSaE	EEVblog2	27	Lab Exercising
594ibPWgpkY	EEVblog2	184	Pool Update: Beadcrete Coating Time Lapse!
5Qk-MKzS1us	EEVblog2	1450	The Zombie Real Estate Apocalypse Is Coming! SELL NOW!
5U-pkGAZUGI	EEVblog2	760	The Moon vs Mars
5oMYiFE-E6s	EEVblog2	318	Madimack i60 Pool Robot Time lapse - Floor Only
5uV4-RZYr_s	EEVblog	287	Canon 5D Mark II HD Video Documentary - Behind the Scenes
5z5-ErcpnYw	EEVblog2	641	Thread And Leather Wrap Wallet Review
6423QfwiWc8	EEVblog	422	Youtube Video Notification Issue?
69ONM1Z2n4I	EEVblog	188	Fluke CNX Contest Announcement
6GF-9ox6d0Y	EEVblog	78	Live Giveaway Announcement
6RRKWORDPxM	EEVblog2	2008	Tesla Model S - Australian Test Drive
6XuJmxtk8MY	EEVblog2	1195	Star Wars - The Rise Of Skywalker Final Trailer Review
6cPPUm5N8d8	EEVblog	321	Keysight Scope Giveaway Bonanza!
6j8KhzhXggQ	EEVblog2	544	1980's Mix Tapes
6kfXEDBt4Lg	EEVblog	366	2nd EEVblog Channel
6sAbNm38bn8	EEVblog2	607	Engineering Meditation
6x8zreGwtt0	EEVblog2	398	Dumpster Printer Madness
6xaSYi_n6fw	EEVblog	287	HUGE Keysight Scope Month Giveaway!
71ql0rh7imU	EEVblog2	319	Dumpster Diving 75" Samsung 4K TV!
775hKErBeY0	EEVblog2	118	Back (Hair) Light Studio Video Test - Part 3
7DgtKZZidxw	EEVblog2	821	Oppenheimer Review: It's Disappointing & Frustrating
7Lsq6Fuhzwc	EEVblog2	949	OLD VIDEO RELEASE: Progress on the lab move
7U3R0pR6xeA	EEVblog	115	EEVblog µRuler Crowd Funding
7VCVY3WzKP4	EEVblog2	146	Pool Install Concrete Update
7uIAxCLhD_U	EEVblog2	77	Hats Off To This HP Design Engineer
7vKt5BR35JU	EEVblog2	578	LOL at my 1hr long video edit! And a challenge...
81m7imklGnc	EEVblog2	332	Den Fenella Bushwalk
82A34nDQeTU	EEVblog2	1232	OLD VIDEO RELEASE: EEVblog Lab/Business/Virus Update
8JSrq8viXoo	EEVblog2	1295	Treetops Obstacle & Zip Line Course - The Big Pineapple
8OO_50kPtRk	EEVblog2	131	9pm Outtake
8P7uOg3JbEY	EEVblog2	148	Petzl Harness Gear Loop FAIL
8VXGodbXhxA	EEVblog2	73	BEWARE the Asterisk!
8zsrGmVnbx8	EEVblog	323	ANNOUNCEMENT: EEVblog2
9GDKERe5LTo	EEVblog2	1048	Why Pay $2.4M to Live In This Apartment?
9GTgQrP5_c8	EEVblog	206	State Of Electronics - Documentary Trailer
9RFBuZn_SFQ	EEVblog2	99	Canon HF G30 vs HF G10 Image Stabilisation Comparison
9VclrClfKtg	EEVblog2	58	Adobe Premiere Pro CC vs Sony (Vegas) Movie Studio Quality Test - Premiere Footage
9Vpr0B1reE0	EEVblog2	277	I Got Stalked via a Phone Booth!
9olLT6Z0P2E	EEVblog2	383	Lego 60083 Snowplow Truck Timelapse Build & Review
A77rr08VItI	EEVblog2	322	Pool Update: Filling!
A7GaCMbBYhE	EEVblog2	7003	LEGO Star Wars B-Wing Build
AG9MupzHRko	EEVblog2	72	Sydney Harbour Bridge Construction
AMeVqfeVxFQ	EEVblog2	1471	Mountain Biking - Thredbo Kosciuszko Flow Trail
AOWrfu1mMwc	EEVblog2	59	Gregory The Monitor Lizard
AVG6nWPmLvU	EEVblog2	149	Doing it tough...
AZWw3sMyQ7U	EEVblog2	268	ACL Knee Reconstruction Rehab DAY 28
B0P6ib3wx5I	EEVblog	121	Huxley Says...
B2RpRJuDUIE	EEVblog2	119	Sony HXR-NX80 4K Camera First Test (4K XAVCS)
B7WoOcnM7yU	EEVblog2	108	LEGO GBC Strandbeest Build - Motor Assembly - Part 3
BFEoOsYUHWA	EEVblog2	366	Survey Winners Draw
BFjPuNRb1Pk	EEVblog2	462	EEVblab: News & Question
BWypqnZkiXE	EEVblog2	1226	OLD VIDEO RELEASE: What's old is new again. The Lab. Rent vs Buy
BXCFudhD2eQ	EEVblog2	98	David2 Rant
BYgdNk1J2t0	EEVblog2	517	Galston Valley Model Railway 1st Person Ride
BowGyRR_bRs	EEVblog2	201	Always Believe The Internet
C2Gm01bzq60	EEVblog2	523	Pool Update: Earthing Madness
CAYWbU0Nyc8	EEVblog2	721	Leura Toy & Train Museum Tour
CFMYXdtb0oc	EEVblog2	492	Avoiding JAIL! - On Hold With The Government - MyGovID
CGB4h4qqUMM	EEVblog2	574	ANSWERED! - GTX-1050 vs GTX-1070 4K NVENC GPU Rendering
CPdziAcsCZc	EEVblog2	1684	Life in Sydney - Part 2 - Norwest Business Park
CQH0GER4Guw	EEVblog2	90	The Electronics Youtuber Challenge
CnSBgokJsyA	EEVblog2	673	Just a Camp Fire
CsWKW4jUCAo	EEVblog2	734	Australian NBN Internet Finally Installed In The Lab!
CtayYItihe0	EEVblog2	21	Test Video Don't Watch
Cvy9eR0d7cs	EEVblog2	212	Pool Update: Fencing
Cwq2HAI0RGM	EEVblog2	1012	Cheapest House In Sydney? 2024 Edition
D34kf9WJ76U	EEVblog	110	2016 Sydney Maker Faire Announcement
DDPV9mdOYEM	EEVblog2	553	NBN Fibre Internet EPIC FAIL!
DLzOXytX48o	EEVblog2	468	Dumpster PC desktop Nothingburger
DX0DDUoygQk	EEVblog2	38	How to Pronounce Python
DYLWWeXTuIE	EEVblog2	5	Say Hello To My Little Friend!
DYucemd-IRA	EEVblog2	162	World's Steepest Incline Railway!
DcH2lM2W1l8	EEVblog2	2246	Be Your Own Bank
E41tY8IAnKE	EEVblog2	51	Vivid 2016 Taronga Zoo Laser Forest
E82UJ43njlo	EEVblog2	545	The Rosicrucian Order Bullshit
EMPRf2K0qSM	EEVblog	1666	eevBLAB #40 - Let's Talk About My Content
ENuJY8LOPs0	EEVblog2	65	Sony HXR-NX80 4K Camera First Test (1080P60 HD AVCHD)
EOCj0ZtFmMg	EEVblog	284	ANNOUNCEMENT: Guest Videos Request
EV-nnKle_68	EEVblog2	150	How To Coil A Rope To Prevent Tangling
EcNUdmHC3BA	EEVblog2	625	Back To The Future Lego Delorean Time Machine Build Review
EfSuPdWWLvw	EEVblog2	572	ACL Knee Surgery Rehab DAY 3
EgIRZra92ig	EEVblog2	11	Dave's Travel Guide Intro
EhZfS8ckhBk	EEVblog2	986	Sagan's Board Game - Minecraft: Rise Of The Creeper
Erpsh8yHJs4	EEVblog2	287	Keysight Scope Draw
F1Y8oe_g18Y	EEVblog2	35	Pebble Time Smartwatch Blooper
F8hv_fZKnkg	EEVblog2	16	That's Psycho!
FH5Y4d8tMaQ	EEVblog2	178	Does the Youtube Live Subscription counter work?
FORiUWhKsQ8	EEVblog2	320	Madimack i60 Time Lapse Pool Cleaner - Raw Footage TEST 3
FUmasc-tZZg	EEVblog2	2167	Bike Ride POV - Casuarina to Kingscliff
FZpMUBySyzo	EEVblog2	335	Dumpster Diving LG TV
FifUju_hsbY	EEVblog2	37	The EEVblog Lab hail storm
Fw_-cYy1its	EEVblog2	395	Vegas 15 NVENC GPU Video Rendering PART 2
FxIiuGzp00Y	EEVblog2	29	Making Orange Juice
GK462ztpfDk	EEVblog	875	Rohde & Schwarz RTB2004 Giveaway Winner!
GRondtKwrbg	EEVblog	127	Anouncement: Sydney - Electronex + EEVblog Meetup!
Gm4Gm9Xn9xo	EEVblog2	523	Dual Xeon Video Editing Machine Issues
Gpenrd2lTDg	EEVblog2	109	Abandoned Snow Ball Pit!
Grf4dxOS1vU	EEVblog	151	ANNOUNCEMENT: EEVblog Meetup!
Gu2SpbiUrPE	EEVblog2	411	Nettle Cave Walkthough - Jenolan Caves
H7VmIn_-xWY	EEVblog2	185	Leura O Gauge Outdoor Train Layout
H9erf8rt54s	EEVblog2	30	Sagan Mine Cart Chase - Temple Of Doom
HBh5iYRdpDo	EEVblog2	290	3rd Ghostbusters Reboot Trailer Reaction
HH_Bd97MnJA	EEVblog2	1418	Which Country has the WEALTHIEST Population?
HdPnsAlJWhQ	EEVblog2	37	The Temple of Couch Feet
Hw7PmdxCeUQ	EEVblog2	789	Behind the Youtube Sponsorship Curtain
Hy1AmLRTQpw	EEVblog2	22	Detail Test 25fps XDCAM
Hzvqmjqedrs	EEVblog2	1839	White Noise Copyright Test
I5FRLRejKSE	EEVblog2	266	The Home Gym
IATC_nAXCTg	EEVblog2	11	Black Test
ICWeMHp3qPM	EEVblog2	150	Madimack i60 Time Lapse Pool Cleaner - Raw Footage TEST 1
IMEAUXa3RAI	EEVblog	54	EEVblog #157 - Angry Birds
IMkbzrAbmQU	EEVblog2	986	Finding the CHEAPEST House in Sydney
IRl36TgNPco	EEVblog2	135	WTF happened to this creek?
IXcKT8F5quU	EEVblog2	1252	Canyoning: Grand Canyon, Blackheath, Australia
IZrLsU5rCsY	EEVblog2	409	Digital DaveCAD Test #2 with PinP
IhW5ZJ3mJEU	EEVblog2	1070	Sydney Real Estate - $2.3M in Mount Druitt!
IuIbJWp7yic	EEVblog2	7097	LEGO Apollo 11 Lunar Lander BUILD - Part 2 of 2
J0S5LvBFrFA	EEVblog2	601	10 Minutes of the Casio F-91W Watch Spinning
J3xHTgPE1TA	EEVblog	228	IMPORTANT! - New Channel Announcement! (Voyager 2 Videos)
J4talSeaiMc	EEVblog	612	eevBLAB #12 - Dailymotion vs Youtube CPM Revenue
JUfKdbeqz7c	EEVblog2	425	ACL Knee Reconstruction Rehab DAY 14
JXb5cGFLvLw	EEVblog2	303	How To Join .MTS AVCHD Video Files
JbkNE-UWWXY	EEVblog2	21	EEVBlog Outtake - Check before hitting record...
JfyDBShZ9l0	EEVblog2	1017	Buying Residential VS Commercial Real Estate For An Office?
Jqsx9ItSPX4	EEVblog2	24	Daddy Is Really Old!
Juf9SFB3h9w	EEVblog2	188	ACL Knee Surgery Rehab DAY 4
JxHjq-FI81k	EEVblog2	69	Puffing Billy Steam Train Ride Over Trestle Bridge
K44sXJK_5oE	EEVblog	468	School/Group GIVEAWAY: BM235 Multimeters (US Only)
KFw3h8TXSKE	EEVblog2	134	Pool Update - Walls
KKpYlUcG6Ww	EEVblog2	27	Any two random Electronics Engineers
K_zeNnZLAm4	EEVblog2	124	Brush Turkey
KdpQNYc_qRc	EEVblog	116	Announcements - EEVblog Newsletter & Upcoming Giveaway
KhJsu0bXb3E	EEVblog2	35	Epic Ocean Lightsaber Battle
KiEMSkVTHmQ	EEVblog	168	New EEVblog Lab!
KnrjeZvnqn4	EEVblog2	387	EEVblog1076 StudioRGBtoComputerRGB
LG__VmCuv-o	EEVblog2	496	NEW Youtube Comment Suggestions Feature. LOL!
LKh287_pE-k	EEVblog	89	EEVblog T-Shirts
LOIA2KngrHE	EEVblog2	120	Vegas 15 Render Test NVencoderHQ
LkUkSgbINvs	EEVblog	584	EEVblog #999 - Youtube Silver Award Live Subscription Counter!
LpBWn9POd8o	EEVblog2	308	Star Wars: Rogue One Trailer Reaction
LsmUMC_cZSw	EEVblog2	440	Checking out a new Office Building
M7rcjUIGr9s	EEVblog2	509	Power Director 16 vs Vegas 15 for 4K Rendering Speed
MC_xeEKd5t4	EEVblog2	44	Trolley Racing
MJSvQzstKto	EEVblog2	417	Contacting Telstra Support About Blocking Bitchute
MJqyAoCoA_E	EEVblog2	223	Weird problem with the Canon HF G30 Video Camera
MPcjH6QX96A	EEVblog	295	eevBLAB #70 - EEVblog Impersonation WARNING!
MYcwZURW1v0	EEVblog2	474	WTF Mailbag Stats
MbL9RHX5jsI	EEVblog2	840	Desky Sit-Stand Desk - Assembly Review
MdGZJM1zRIc	EEVblog2	1839	Brownian Noise Copyright Test
MdR7gdqSWZw	EEVblog2	677	Sydney Metro Train Ride - Sunset POV
MdcaJCuukeI	EEVblog2	520	Vegas 15 NVENC GPU Video Encoding PART 3
MkPwjNw4YUM	EEVblog2	779	Thredbo MTB POV - Sidewinder Trail
N-wcHkEBkSc	EEVblog	143	Announcement - EEVBlog Negative Feedback T-Shirts
NN8qJqpV9Jk	EEVblog2	669	Thredbo Mount Kosciusko Chair Lift POV Ride
NhKLy8RllP0	EEVblog2	656	Commercial Storage Units cost WHAT now?
NnhSwTdCxBM	EEVblog2	213	The ONE thing I HATE about the Vegas Video Editor
NwmhawTWVOQ	EEVblog2	907	NEW Youtube Shorts Monetisation T&C - Accept them or get Booted!
O01bolL4dgE	EEVblog2	629	Life Is Normal In Sydney
O5RjzeEBGAE	EEVblog2	627	2021-08-20 Sagan Lego Technic Build for School
O9F4P7QcI4Y	EEVblog2	214	LEGO GBC - Great Ball Contraption - Sydney 2018
ONlkgUVytl4	EEVblog2	277	Open cut gold mine at Black Hill, Ballarat
ORPLZKrcczk	EEVblog2	79	No Christmas Dumpster Miracle :-(
OZrR1ikz9Js	EEVblog2	152	Madimack i60 Time Lapse Pool Cleaner - Raw Footage TEST 2
Obls-jhXC34	EEVblog2	1051	Peter Popoff Religious Mailbag Scam
OcFel2TubjI	EEVblog2	264	Pool Update - Tiling, Wiring, Edging
OcK2Rd8cLPM	EEVblog2	566	ACL Knee Surgery Rehab DAY 2
Odzbvl8-YwI	EEVblog2	527	Magix Vegas Pro 17 Video Editor Text Issue
Og8-S4j2fhw	EEVblog2	1027	Peak Real Estate INSANITY in Australia
OjP7tcqf3CU	EEVblog2	19	Sand
Oskfcc91DHY	EEVblog2	677	Questacon - Science Time!
OxqegNPz3BA	EEVblog2	654	ACL Knee Reconstruction Rehab WEEK 6
P18qyp0iPco	EEVblog2	1428	OLD VIDEO RELEASE! - New Lab Tour (Empty!)
P2AO5fvPJTk	EEVblog2	406	GoPro Hero 4 Silver/Black Low Light Performance Test
P9kpDusxcpI	EEVblog2	1286	NASA DART Didymos Asteroid Impact Mission LIVE REACTION
PE9nTVyFjjc	EEVblog2	246	POLL: How do you prefer to directly support creators?
PNnlPWvqEnI	EEVblog	186	Announcement - Hack A Day Prize - WIN a trip to SPACE!
PQrjcKD_QGg	EEVblog2	309	Dumpster HP Colour Laserjet Printer
PQxwt0a8ZEo	EEVblog2	105	Meetup with Robert Feranec in Sydney
P_ei7yImg-c	EEVblog2	325	Pool Update - Seinfeld Edition
PdYBj5Je6SU	EEVblog2	832	Pool Update - Complete!
Pz18gsaIzhQ	EEVblog2	2259	Dove Canyon - Cradle Mountain Tasmania
Q77_ZFb7NlA	EEVblog2	572	WHY is the Ronald Reagan Washington Airport A THING? (AA5342 Accident)
QIuuZziV-wU	EEVblog2	235	Back (Hair) Light Studio Video Test
Qai6Z7VBvFA	EEVblog2	18	Terminator Genisys Animated Movie Poster
Qnprvwjk9f0	EEVblog	88	2015 Sydney Maker Faire Announcement
QoZESyW1noQ	EEVblog2	145	Puffing Billy Carriage Coupling
R3UQ5mwnmPk	EEVblog2	315	Epiphan AVIO 4K USB 3 Video Capture Test 60fps
R6GvMMYRFu0	EEVblog2	125	What's in the Dumpster Today?
R8qdOAEQnps	EEVblog	908	EEVblog #959 - How Much I Make On Youtube Monetization REVEALED!
RDmcQFO-Tag	EEVblog2	198	Giant Metal Stiffy Bar
RQNwrSaHO_w	EEVblog2	377	Bitcoin Blockchain Hard Fork Split on 1st August
ReOb8lHFixU	EEVblog	621	Youtube Community Strike! - w00t!
Ricc9IZNuPo	EEVblog2	8081	Electronics Youtubers Zoom Meetup!
Rj5b7gJjW6M	EEVblog2	42	D'oh!
RpvZPf42jDo	EEVblog2	471	Star Wars Rogue One Midnight Screening Reaction
Rx8q95-w4xY	EEVblog2	97	Kids Logic Hovering Delorean
S7A30jml6sk	EEVblog2	21	Stupid Lift Button FAIL
SBZWIF-MgOI	EEVblog2	392	EEVblog Bunker First Look
SFE0ihBaeLA	EEVblog2	180	ACL Knee Surgery Unboxing
SFgCmu7uzAs	EEVblog2	83	Roller Door Come-a-Gutsa 2 - Electric Boogaloo
SQoNor6wW-4	EEVblog	333	FranLab Evicted!
SRSzewMx1Ow	EEVblog	115	Drag An Oscilloscope Through 6km of Mud?
SSCjHnyyb7s	EEVblog2	210	Canon HFG30 Camcorder Distortion Test
SWm7hMkytyI	EEVblog	1212	EEVblog #700 - Indiana Jones HO Scale Model Train Set
Se3Gts4u1vs	EEVblog	1459	Q&A - Video Editing
Sp3sFTSR-7g	EEVblog2	121	Vegas 15 Render Test MainConcept
Sztyhc-bKZ8	EEVblog	94	µCurrent GOLD Kickstarter Announcement
T44FRUqhvMM	EEVblog2	1174	Lego Train Build
T7eALk2CaIE	EEVblog2	56	How to pet a Kangaroo
T9cMjpCFioQ	EEVblog2	24	Outtake from EEVblog #626
TPoQ3cyUZRs	EEVblog2	615	Lip Reading
TRAK-EnjgIA	EEVblog2	17	Ducks
TRCSraYmUJI	EEVblog2	135	Brain Candy Live : Giant Vortex Smoke Rings
T_-I3YeJ6Mw	EEVblog	691	eevBLAB #21 - Star Wars VII The Force Awakens Review
TiE3RkN9D-k	EEVblog2	1087	Ghostbusters: Afterlife - Trailer Reaction
TrrfsX1epMA	EEVblog2	23	Pilfering some charge
TyDyAHAfN7Q	EEVblog	335	EEVblog #129 - US Airline TSA Security & Australia Post $9 fee
TzbAZemmMlc	EEVblog	743	EEVblog #445 - Fluke Contest Draw
UA90jHZUEKQ	EEVblog2	1181	AMAZING Australian 2020 Flu Season Stats!
UEQyyQ1TE20	EEVblog2	244	SpaceX Starship Reentry Reaction
UEbYiDrK1rQ	EEVblog2	20	How To Exercise In The Lab
UEuPXBzEIHE	EEVblog2	994	The Coming Youtube COPPA Adpocalypse
UGVdHM_iul0	EEVblog2	330	Youtube Channel Ranking Dropping And I LOVE IT!
UKNTEMBGCd8	EEVblog	230	EEVblog Announcement - T-Shirts
ULtjwGN2olM	EEVblog	590	eevBLAB #36 - Demonetised!
UUkv6tJW2SE	EEVblog2	391	Raw Challenge 2024 - Doyalson
UVr__7ITL0w	EEVblog2	91	Detail Test 50fps SonyAVC
U_VSDM3AjRE	EEVblog2	200	Peak Dumpster Room Madness
Ua985gqzn78	EEVblog2	315	Madimack i60 Time Lapse Pool Cleaner - Raw Footage TEST 4
Uf-UirhJ23k	EEVblog	414	The EEVblog Lab is moving!
V2ilbmv70oQ	EEVblog	981	RANT: Big New Youtube Google+ Changes Nov 2013
VI6PfyUk85Q	EEVblog2	644	PJ Masks Board game With Huxley
VMXFMFkiTUU	EEVblog2	18	Good Enough For The 1980's
VVICdJhA09M	EEVblog2	829	I Just Saw The Rise Of SkyWalker...
VXyTXpXnXKs	EEVblog2	94	Why you haven't seen David2
VeXWrKGMQKA	EEVblog2	50	Sagan's Lego Technic Pro Tip
Vo9NXv7lmYo	EEVblog2	1719	Have Commercial Office Rents Increased in Sydney?
W91DOIx-aSU	EEVblog2	119	World's Steepest Railway
WST527Vx7VI	EEVblog2	328	Finding a Screw LIKE A BOSS
X7Izrez83D4	EEVblog2	90	105yo Ted Wale lays the smackdown on Malcolm Turnbull & Tony Abbott!
XR9RBqgUAZY	EEVblog2	383	Just a Campfire
XW9DSOppfJ8	EEVblog2	202	Surfing from EEVblog to Philosophy!
XYUnzcd8lfY	EEVblog2	92	N Scale Model Railroading with Sagan
X_s7fqt-XZ8	EEVblog	447	eevBLAB#15 - The Martian Movie Review
Xd6fww7Xb10	EEVblog	246	So Much Stuff On EEVblog2 !
XoKJw-vW0RA	EEVblog2	346	Audio Microphones Test
XyMQPUw-oaU	EEVblog2	1214	Latest Norwest Commercial & Residential Building Wankery
XzJ66Mjr5Ss	EEVblog2	956	Kathmandu Retreat 280 Camping Tent
Y9vV_WPw_Es	EEVblog2	230	Lab Gym Weight Workout Tips
Y9ygwSLSB5M	EEVblog2	2284	Driving Tour of Norwest Business Park
YKHsoEA5a1o	EEVblog2	156	I hate computers
YTKEUN_1l74	EEVblog2	2604	EEVblog Viewer Survey Results
YWo9xDKXKq4	EEVblog	428	My New Youtube Channel BANNED!
YnogEvahPyU	EEVblog2	191	EEVblog Lab Cubicle Time-Lapse
YqUT0sOJBWY	EEVblog2	522	WTF Youtube - Not Suggesting Fran Blanche?
Z8eqJMfI5RY	EEVblog2	23	How to OPEN a LOCKED Door
ZCmEvuzokRY	EEVblog2	159	Digital DaveCAD Test 1
ZCwBj-EMIdE	EEVblog	102	Hameg Oscilloscope Draw
ZUFFfoq6Lhk	EEVblog2	176	Epiphan AVIO 4K USB 3 Video Capture Test 30fps
ZUMOpiXpg1s	EEVblog2	350	Walking on top of Australia's Parliament House
ZbYZG3Df8Dg	EEVblog2	39	I'm at Star Wars The Last Jedi
ZmKqlTlsR38	EEVblog2	150	Fran + Louis + Dave : Godless Threesome
ZoucGoRZOl0	EEVblog2	727	Ready Player One - Official Trailer 1 Reaction
ZpOTOeRjPSU	EEVblog2	7000	LEGO Apollo 11 Lunar Lander Build - PART 1
_2LIOaZz3dw	EEVblog2	336	Back into the FLOODED EEVblog lab
_5xZyROzUmA	EEVblog	179	555 Contest Australian Winner
_JXKiPl8zKo	EEVblog2	1426	Starship 4 Test Flight - Highlights
_iQvDK_NztQ	EEVblog2	31	The Time Machine - Buy More Time!
_soGtl-ETPk	EEVblog2	103	The hole in Hassan's walls
_xvCogNZS8M	EEVblog2	329	New Mailbag Bench Trolley
aIZJsJlYmME	EEVblog	79	Electronex 2014 Announcement
aKX9GDrExTo	EEVblog2	155	EEVblog #911 - Youtube Monetisation Test
aTMCPDJ3IRg	EEVblog2	1646	Life in Sydney - Part 3 + Sydney Metro Tour
a_OGrHeAP44	EEVblog	153	Mud Run Update & Auction
ac1qJqGpcoU	EEVblog2	439	Indiana Jones Trivia: Are you smarter than a 5yo?
aeCyhWSPqfc	EEVblog2	18	The EEVblog Bunker
am-4KLegAKU	EEVblog2	700	Top Gun Maverick REVIEW - YES! (Spoiler Free)
aoMiATXObGU	EEVblog2	58	Adobe Premiere Pro CC vs Sony (Vegas) Movie Studio Quality Test - Sony AVC Output
b-NijnqsR-A	EEVblog2	120	Vegas 15 Render Test NVencoderDefault
b9BgSRYAk-w	EEVblog2	366	Fiat Currency Tour
bAZDK8-4c9Y	EEVblog2	104	Dumpster Galileo Thermometer
bEcP3kBJIpU	EEVblog	246	How To Get Youtube Video Email Notifications
bFcgW4zsJZU	EEVblog	82	Sydney Mini Maker Faire Announcement
bGU2oYx4Hls	EEVblog2	1477	Matrix Resurrections Trailer Reaction - Nothing New
bHvkEPL7mVA	EEVblog2	153	Youtube are Censoring the word BULLSHIT
bJuFAmRzd6U	EEVblog2	27	Time Lapse - DSS 43 NASA 70m Dish at Tidbinbilla Canberra Going To Stow
bOQ3zrWFHd8	EEVblog	147	Surgery Update
bPSyBfixe5c	EEVblog2	1021	Indiana Jones 5 - Dial of Destiny Trailer 2 Reaction
bSxhJmnJo2E	EEVblog2	816	The Patreon Donkey Ride
bTW65Ny-UMY	EEVblog	201	The EEVblog Rap
bjYSH_J33rE	EEVblog	119	Voyager 2 Contact Teaser Trailer!
br5uAZJrj0Y	EEVblog2	347	Little Iron Men - Art Installation in White Cliffs in Outback Australia
brv8V7Ez4s8	EEVblog2	59	Deer Wind Turbines, with bonus Goat
bsBzWp_xdUc	EEVblog2	331	How To Clean Model Train Railway Track
bxvXaqJnSrY	EEVblog2	915	I *PAID* Youtube to PROMOTE my video - And I got SCAMMED
cB0G41vUbJE	EEVblog	49	Electronex 2013 Announcement
cJ0MQKGGi7s	EEVblog2	452	For All Mankind - Technology Timeline Errors
cJIDivNWFxY	EEVblog2	595	Why don't I hire a video editor?
cQxgoQp5xhQ	EEVblog2	92	Why work when you can do this?
cYCkvUqrFLU	EEVblog2	177	Audio Test - Zoom H1 vs Canon HF G30
covWgCpJ798	EEVblog2	737	This REALLY ANNOYS Content Creators!
cuVrQEznlXE	EEVblog2	39	Out-take
cxvKx8f5tas	EEVblog2	258	WTF Just Happened to LBRY.social ?
d9jJQPiLdRM	EEVblog2	52	Neuromuscular Electrical Stimulation
d9nmhNlTkp8	EEVblog2	502	20+ Year Old Geocache Containers
dNS0jP-vbAk	EEVblog2	63	The Keysight Logo is Not A Thing
dScHV0N-Z_g	EEVblog2	71	Subscribe to PewDiePie! + Wanksy Street Art
dUKn1a9sstk	EEVblog	106	ANNOUNCEMENT: Guest Videos
djGhrpxbnFU	EEVblog2	928	RANT: How To Demotivate A Youtuber
e1UflvB91nQ	EEVblog2	4	Unicorn Magic Meme - Doug Henning (Shia Labeouf)
ea-i2DG_9FE	EEVblog2	514	Auto German Female AI Dave. And Annotations Are Back?
ecQxdjYCSWo	EEVblog2	53	Why I've still got some brain cells left...
epp6lyAkKeU	EEVblog2	80	Sony HXR-NX80 4K Camera First Test (1080P60 HD XAVCS)
eqduWNAgv_Y	EEVblog	350	The EE Rap
er3lc0_ahcY	EEVblog	178	Rohde & Schwarz RTB2004 Oscilloscope Giveaway
ewLuiWa9Z04	EEVblog2	1072	Bathurst Rail Museum - Model Railroad
ez_gzwvvg2w	EEVblog2	10	Packaging is SATISFYING
f0wuyQ3IHAU	EEVblog2	192	Pool Update - Fencing
f6bxvSTEcbE	EEVblog2	251	Dumpster Diving Acer Laptop Computer
fHxDVtbUrdo	EEVblog2	1825	Original 1000th Video Single Take
fWhnT8FVR5Y	EEVblog	207	ANNOUNCEMENT: 121GW Multimeter on Kickstarter!
fX6jyoA2Zl4	EEVblog	76	Announcement: Electronex 2015 in Melbourne
fxR4iT4xobY	EEVblog2	56	Time Lapse - DSS 43 NASA 70m Dish at Tidbinbilla Canberra
g3A1XNfDxe0	EEVblog2	111	Public Holiday Carpark Trolley Rides
gImsAahbDaI	EEVblog2	987	Top Gun: Maverick (2020) Trailer 2 Reaction
ghTWiSGRfR0	EEVblog2	455	The Complexities of Lab Lighting
hBs8L8J2OIo	EEVblog	308	IMPORTANT: Audience Survey & Changes
hFJndAkUS50	EEVblog2	264	Madimack i60 Time Lapse Pool Cleaner - NEW Unit! Raw Footage TEST 1
hRWQEJh3CzI	EEVblog2	67	Not a Shoutout
haAhEBV7mzM	EEVblog2	80	Lightsaber Battle in the Bunker.
haTSQSZ41oQ	EEVblog2	85	Puffing Billy Steam Train Boiler Stoking
hgtc6jM6qC0	EEVblog	837	EEVBlog Giveaway Draw Oct 2013
hn73eAXWHLE	EEVblog2	1071	Can an AMAZON Picker Afford to Live in SYDNEY?
hnqVxpZ-E4s	EEVblog2	1769	Ride with Dave
hvlYrWO4nrQ	EEVblog2	113	TRAGIC! - Probes The Monkey
hz5F1cpZCG4	EEVblog2	177	EEVblog #852 Extras
i0O-gBc5xaM	EEVblog2	830	Twitter Reverses Bitchute Link Ban?
i4iFAUz5DGg	EEVblog	807	EEVblog #328 - Curiosity Mars Rover Landing
iMiD5DoQ45E	EEVblog2	22	Outtake FAIL
iQyaX0jMSyg	EEVblog2	373	Library LBRY Creator Gift Unboxing!
iSHHe-AXxqw	EEVblog2	255	World Time Zones EXPLAINED
iWGXCIcANOM	EEVblog2	26	Mrs EEVblog Crosses Hells Gate
iZ8hnExtGGI	EEVblog2	185	2022 True Grit After Event
imqXTcD548w	EEVblog2	149	Dumpster Diving Monitor Madness
ipTTD1sXvpI	EEVblog2	170	Vivid Sydney 2016 - Opera House Aboriginal Art Projection
iqroP04x_Rw	EEVblog2	313	Pool Update: Pump and Plants
irlHF0t4oDE	EEVblog2	34	Uncontrollable re-take
iwZ9NwPUD2E	EEVblog2	481	Back To The Future Live At The Sydney Opera House
iwiMr1eYAps	EEVblog2	1468	It's Youtube Creator Survey Time Again! Yipee!
jEQI0ymAg6E	EEVblog	109	What's in the Dumpster Room Today?
jMYxxECGNIo	EEVblog2	384	Geometrical Inc Pocket Tripod PROv2 REVIEW
jhPt4xERGfo	EEVblog	480	Keysight University Live Test Gear GIVEAWAY!
jjoZDz-i-xY	EEVblog2	904	Vegas 15 & GPU Hardware Acceleration
jmnhmJHa_BU	EEVblog2	1640	Sydney vs New York - Real Estate Rental Prices
jofm5EwbF0o	EEVblog2	77	World's Steepest Railway Cable System
jtGZy5B4SKk	EEVblog2	234	Tongue angle re-alignment surgery
kGivRZZgnOs	EEVblog2	469	Youtube Are Removing Scam URL Links
kIsKpTRM3TY	EEVblog2	340	How to Post to Instagram on a Desktop
kS9qXq8ZPEA	EEVblog2	2164	LEGO Technic GBC Module #14 - Strandbeest Build - Part 1
kbnEH4aE0R4	EEVblog2	902	TRAILER REACTION - Ghostbusters: Frozen Empire
kg4726BqNZE	EEVblog2	242	Sometimes, sh^t happens
kkM6Yeh-EUE	EEVblog2	205	North Rocks Dam Shooting Location
kkthGHl4CEc	EEVblog	528	Large Hadron Collider LHC Exhibition Tour
kpGlr9uDK1E	EEVblog2	46	Sponge Action
l7hXq5LWn60	EEVblog	225	Youtube Notification Experiment
lMS_WQ8NFHY	EEVblog2	1059	Finding the Cheapest House in Sydney - 2023
lTGnOxXeOdY	EEVblog	95	Announcement: Sydney Electronex Show
lZULfMz9nlI	EEVblog2	88	GIVEAWAY: Keysight 1000 X-Series Oscilloscope
ljYHlOSpYp0	EEVblog2	227	More Religious Woo-Woo Mailbag
m3sg94LYGzQ	EEVblog2	92	Roller Door Come-a-Gutsa
m5ozTmMLThc	EEVblog2	863	Thredbo MTB POV - Paparazzi & Grasshopper Trails
mAERAUbCb8c	EEVblog2	178	The Perth Mint Aren't Happy Campers!
mSRnIEmE-_0	EEVblog2	670	True Grit Obstacle Course 2014
mUObKPkTKws	EEVblog2	142	Thredbo Village & Snow
mfNGTZHAVwo	EEVblog2	1568	Sydney Commercial Real Estate Discussion & Tour
mhzP4TbxDH0	EEVblog2	92	WTF Dailymotion - Ad BONANZA BULLSHIT!
mq81AYmc-bw	EEVblog2	50	Water Slide Engineering
n5rvX9EsDBI	EEVblog2	57	Lab Oil Spill!
n844W7IafCI	EEVblog2	97	Back To The Future Lego Delorean Time Machine Build Time-lapse
n8C8N9PVpns	EEVblog2	362	Eating a Classic Aussie Sausage Roll
nTKFw8KgCcs	EEVblog2	207	Pool Update - LED Lighting
ncEH4jsRZVQ	EEVblog2	305	Vegas 14 Windows 10 Lockup/Crash Issue Solution
npOrOFUJL_0	EEVblog2	32	Lab Carpet Cleaning
o3nABDOf3KU	EEVblog	690	eevBLAB #4 - Youtube Multi-Channel Networks SUCK!
o_HyJm2ceA4	EEVblog2	61	River of Slime!
odKBpmSVlAs	EEVblog2	107	Whiteboard FAIL
olnTE7ZrB_s	EEVblog2	368	Back (Hair) Light Studio Video Test - Part 2
oncpfw1uUvg	EEVblog2	287	EEVblog Lab Move Time Lapse
p3Yr0eX-1nY	EEVblog2	318	Dumpster Diving HP Intel i7 SFF
p5oEBEuhi8A	EEVblog2	212	Pool Update. Tiling.
pAgDcZRBsRA	EEVblog2	32	Nerd Ninja Warrior Tryouts
pKVnYVU-TK0	EEVblog2	154	Canon HF G30 Audio Test
pjxGhzWeGiQ	EEVblog2	1333	Star Wars Episode 9 - The Rise Of Skywalker
pqqBK3UMnX8	EEVblog2	247	4 Minutes of Mud
q155HS6_JUg	EEVblog2	164	Pool Update: Cover Installed
qJb1cNSaM0I	EEVblog2	796	Star Wars: The Rise Of Skywalker Trailer #2 Reaction
qUe8XUdnaB8	EEVblog2	33	I'm going to be ARRESTED!
qpwZRliTxHI	EEVblog2	1156	Ghostbusters Afterlife Trailer 2 Reaction
qwrJ1qtMC4U	EEVblog2	15	Magpie Attack!
rLPcMmVcEkQ	EEVblog2	2719	Bike Ride POV - Casuarina to Hastings Point
rTxw_UEVWbo	EEVblog	1112	EEVblog #1123 - EEVblog Meetup 2 Electric Boogaloo
rVYwJrPNRfc	EEVblog2	8	AI Explained by Dr Stephen Falken - Computer Enhanced Hallucination - War Games
rZ2Eiy0MORY	EEVblog2	752	Commercial Office Real Estate Carpet TRIGGERING!
r_ZJO5P0QQg	EEVblog2	1445	Rent vs Buy FAQ
rfmfYOYDXlc	EEVblog2	803	A Most Unusual Real Estate Listing
rgXqg1VOse4	EEVblog2	122	Pool Update
rgbg4jLFVBc	EEVblog2	112	Astable Aliens
rnvdwKE4seM	EEVblog2	134	Star Wars: How to make the Han Solo Drink!
rodsOqpcxL4	EEVblog2	431	Troubleshooting a Gas Fireplace
rzIToosMRVc	EEVblog2	75	Couch Feet Remix
s6HWbuALJkw	EEVblog2	721	Auto Uploading From LBRY to Youtube!
sK3nou8sQBI	EEVblog2	544	Sydney Real Estate House Flipping - 30% in 6 Months!
sLVYON6-0Jo	EEVblog2	87	Parkour Based Lab Organisation
sMga4So1LvA	EEVblog2	179	Pool Update: Concrete & Calibration
sW3fN76-Ax0	EEVblog2	326	WTF! - How Many Youtube Channels Have A Silver Play Button?
sWqiZzPR8yo	EEVblog2	454	Wacom Tablet vs Microsoft Surface Comparison
sYYidJOdQbg	EEVblog2	386	Even More Peter Popoff Scam Mail Bullshit!
syxZBGuuK-M	EEVblog2	60	Pool Concreting (Spray Shotcrete) Installation Time Lapse
tEkEJ5AVjcI	EEVblog2	1509	Yet Another Youtube Survey
tO-ddqvrVGI	EEVblog2	430	New Mailbag Setup Test
tOJk-fsRfRc	EEVblog2	940	Norwest Google Maps Time Capsule
tVU3aGHdq1k	EEVblog2	16	Not in the lab
tZPxTIuQawg	EEVblog2	221	PLEASE Youtube, get rid of the P0rn Spam Bots
tZa4X_C2uKI	EEVblog2	648	The Australian Bushfires
tchnecmXLPs	EEVblog2	506	Physics in the Pub - Nuclear science stand up comedy
tw5hkZ8ZAz8	EEVblog2	2019	ACL Knee Orthopaedic Reconstruction Surgery
u4SVdVwI0H0	EEVblog2	279	Scrivener Dam
uQntMgftnEY	EEVblog2	230	International Goat Rescue
uYlmP6gNhZE	EEVblog2	363	Standing Mailbag Bench
ubqNSF_-h0Q	EEVblog2	8	Teardown FAIL
ulAsfX8aQ9M	EEVblog2	380	Lab Bench Decisions... Decisions...
v0s_ARmAWgU	EEVblog2	946	Commercial Property
vNYvaQYAZ3s	EEVblog2	25	Twilight
vUWEHS96WCQ	EEVblog2	1720	Temora Aviation Museum TOUR
vXLHTLLfq3M	EEVblog2	135	Pool Update - Scree and wall footing
vkdq7Lz5WQE	EEVblog2	337	How to fix Vegas XAVC 4K crashes
vlgXVKoanZI	EEVblog2	145	Giant 65,000 Brick LEGO Time Machine Delorean!
vmPlHmJ1HWY	EEVblog2	700	Bike Tyre Replacement
vmZoMdaczO0	EEVblog	284	More Rohde and Schwarz Scope Winners!
vr8ROiYs8AQ	EEVblog	357	Guest Video: Raising Awesome - Young Dave Jones
wC0KxSi0zUw	EEVblog2	185	Slot Cars!
wDNB6gMnazA	EEVblog2	510	Physics in the Pub - Galaxy Shadow Puppetry
wTXMd6VNCP4	EEVblog2	2608	Noosa Everglades River Trip POV - Relaxation
we0qZz6YvqU	EEVblog2	1433	Indiana Jones 5 - Dial Of Destiny TRAILER REACTION
wevY9n4Ipdg	EEVblog2	87	(Partial) Pool Filling Time-lapse
wnq4SWX-Fjo	EEVblog2	1054	Ghostbusters Frozen Empire Trailer 2 REACTION
wwYTlGBBAek	EEVblog2	700	New EEVblog Storage Unit - FIRST LOOK!
wzxdVsp5QSw	EEVblog2	1495	LBC Library Credits - My Top Cryptocurrency Pick for 2020
xQoQPLC7PxI	EEVblog2	155	Youtube Bans The Word Weapons - These are my weapons!
x_-H5Cg8438	EEVblog2	7	EEVblog Outro
xvtlazK8jYQ	EEVblog2	164	Robot B-9 Replica
yjCdJ0c_5aQ	EEVblog2	112	Life Raft
yy9updFRkHw	EEVblog2	400	DaVinci Resolve & Xsplit 4k Problems
zEmRRfWjros	EEVblog2	58	Adobe Premiere Pro CC vs Sony (Vegas) Movie Studio Quality Test - Sony XDCAM Output
zh2nN1xlaco	EEVblog2	138	XPeng X2 "Flying Car"
zlarcKxQW5A	EEVblog2	359	Nissan Dualis DIN Media Player Installation
zrYrLhJSidY	EEVblog2	424	NASA New Horizons Pluto Fly By LIVE
zwsuhy4S4cc	EEVblog2	254	Riding the Thredbo Gondala
