id	channel	duration_s	verdict	title
mfZcvvBwoj8	EEVblog	1274	needs-whisper	EEVblog 1678 - Oscilloscope Trigger Warning
TkmMitYnHUA	EEVblog	2960	needs-whisper	New Brymen BM787BT Bluetooth Multimeter Teardown (Live Recorded)
brj1-AYDCXM	EEVblog	379	needs-whisper	eevBLAB 126 - Ebay Oscilloscope ABUSE
n-mFgfLasM8	EEVblog	550	needs-whisper	EEVblog 1673 - JBL Partybox 310 Repair - Part 2 (SPOILER)
n4sL8pCmbyY	EEVblog	613	needs-whisper	eevBLAB 124 - Microsoft Majorana 1 Quantum Computer: Can it Muntz?
KqlHjIVyzOA	EEVblog	1160	needs-whisper	EEVblog 1668 - HORRIFIC Alkaline Battery Leakage in Rare Prototype Multimeter
8GLL6P662Fo	EEVblog	1299	needs-whisper	EEVblog 1667 - Reverse Engineering the Brymen BM2257 Multimeter LowZ Mode
Q4tcpHrTSP0	EEVblog	960	needs-whisper	EEVblog 1666 - Blown SMD Component Identification
c_mmVFMXFQo	EEVblog	1461	needs-whisper	EEVblog 1665 - Keithley VFD REPAIR 2 - Electric Boogaloo
9lXCqePhJ4g	EEVblog	125	needs-whisper	2025 EEVblog Viewer Survey and GIVEAWAY
ETopbGankfo	EEVblog	1571	needs-whisper	EEVblog 1663 - BM786 Multimeter REPAIR + InEr Error Investigation
pD0dVebSZMs	EEVblog	1878	needs-whisper	EEVblog 1662 - Vintage Tandy 200 Portable Computer Claytons Repair/Teardown
pXZtk68B3zY	EEVblog	550	needs-whisper	EEVblog 1655 - How to Discharge Capacitors SAFELY using a Multimeter!
8Mfw0X5jY3A	EEVblog	547	needs-whisper	eevBLAB 123 - MORE Youtube AI BS! - AI Description Summaries
RzlClNhheC8	EEVblog	10687	needs-whisper	EEVblog 1654 - Lee Felsenstein: The Computer Revolution & Counterculture
jVPQGPM5Tgg	EEVblog	436	needs-whisper	EEVblog 1652 - Why is my Lab Switchboard Wired Like This?
OnoFcU0gro0	EEVblog	346	needs-whisper	eevBLAB 122 - Flake 778 Multimeter Smartwatch!
xrVXfeHxH0s	EEVblog	179	needs-whisper	EEVblog 1648 - USB Battery Bank mAh Capacity ratings are a LIE!
YM5nKvIH2vw	EEVblog	2432	needs-whisper	EEVblog 1644 - Mailbag: CrowView Monitor, Casio Game, 4-20mA Encoder, Wurkkos Battery, Rulerize
cnoN2gtT4iM	EEVblog	859	needs-whisper	EEVblog 1627 - Electronex: Engineering Consulting with Xentronics
mH0yzt85s-c	EEVblog	801	needs-whisper	EEVblog 1624 - Electronex: Liquid Instruments Moku Oscilloscope
PLFp0CfJTFY	EEVblog	2474	needs-whisper	EEVblog 1623 - Electronex 2024 Walkthrough
RToaq4pYp_M	EEVblog	1020	needs-whisper	EEVblog 1615 - Dumpster Dive HP Pro One PC
5B6O1aFA5l8	EEVblog	652	needs-whisper	eevBLAB 118 - NEW Apple iPad Pro: Volumetric Engineering vs Marketing
kpzNVsSmUu0	EEVblog	1792	needs-whisper	EEVblog 1597 - Zoyi ZT-703S $80 2CH 50MHz Oscilloscope/Multimeter Review
AFz0qmkq4LM	EEVblog	1022	needs-whisper	EEVblog 1592 - Fluke 287 Multimeter Teardown
AuFSMpFzAnw	EEVblog	299	no-captions	eevBLAB 117 - The Youtube Bot Comment Problem
CnJ7mQ_Fo-8	EEVblog	4693	needs-whisper	EEVblog 1577 - History of Television & Cathode Ray Tubes with Kathy Loves Physics
-xtZvSG4N9I	EEVblog	1730	needs-whisper	EEVblog 1572 - Haefely 16kV ESD Tester TEARDOWN + Repair Part 1
qHFIaIUPE6I	EEVblog	1697	needs-whisper	EEVblog 1569 - A Very Ploopy Open Source Mailbag
MT1QTPEZoHY	EEVblog	1119	needs-whisper	EEVblog 1568 - Tesla Megapack 2 Battery FIRE! at Bouldercombe QLD
ZdbMuuu9trg	EEVblog	696	needs-whisper	eevBLAB 115 -  New Youtube Ad Changes FORCED on YOU!
gT8gzX2CPQA	EEVblog	592	needs-whisper	eevBLAB 114 - DHL Emergency Situation Surcharge is BS
hULNdrsh6uw	EEVblog	1187	needs-whisper	EEVblog 1562 - THE 1980's Boombox TEARDOWN - Sharp GF-7600
QHPFphlzwdQ	EEVblog	813	needs-whisper	EEVblog 1555 - Korean LK-99 Ambient Temperature Superconductor Demo Video FAIL!
5SbNnaMM1tQ	EEVblog	2995	needs-whisper	EEVblog 1552 - Digilent Analog Discovery 3
6ILKO0uNGDw	EEVblog	1679	needs-whisper	EEVblog 1549 - Mailbag Teardown Art, USB Power, and Multimeter
Uo_z5TKu_zo	EEVblog	662	needs-whisper	EEVblog 1548 - Moon Landing Hoax BUSTED
lJ3q9RHIatU	EEVblog	1730	needs-whisper	EEVacademy | Digital Design Series Part 5 - Karnaugh Maps
6-2ifl6AEvk	EEVblog	969	needs-whisper	eevBLAB 113 - How the Paid Media Influence Industry Works
atRvNG669Os	EEVblog	1196	needs-whisper	EEVblog 1544 - Platio Solar Pavement BUSTED!
qkaC3PTOcZY	EEVblog	384	needs-whisper	eevBLAB 112 - Purchasing Email SCAM
qegYDD1A8VA	EEVblog	597	needs-whisper	eevBLAB 110 - Linus Tech Tips HACKED!
HaTSjKzqTpg	EEVblog	221	needs-whisper	Keysight World Dumpster Scope Giveaway
g_VH8jd39Nc	EEVblog	1198	needs-whisper	EEVblog 1533 - How To Estimate Product Battery Life
lUAevbBh0rQ	EEVblog	1793	needs-whisper	EEVblog 1530 - Siglent SDS2000X HD 12 Bit Oscilloscope TEARDOWN
txPxo4TA0i4	EEVblog	3547	needs-whisper	EEVblog 1529 - R&S MXO4 12bit Oscilloscope Unboxing and Experiments
JlY37DWLtrw	EEVblog	2653	needs-whisper	EEVblog 1525 - Commisioned Mailbag
nVtefye9Yz4	EEVblog	774	needs-whisper	eevBLAB 107 - WARNING: Youtube Telegram Comment SCAM
uwQQVnTYt7k	EEVblog	820	needs-whisper	eevBLAB 105 - Does the Youtube Bell Notification MATTER?
4EcQYK_no5M	EEVblog	6143	needs-whisper	EEVblog 1506 - History of Electricity with Kathy Loves Physics
YIbQ3nudCA0	EEVblog	1021	needs-whisper	EEVblog 1504 - The COOL thing you MISSED at Tesla AI Day 2022
YFKu_emNzpk	EEVblog	1199	needs-whisper	EEVblog 1502 - Is Home Battery Storage Financially Viable?
Psp3ltpFvws	EEVblog	855	needs-whisper	eevBLAB 100 - Reuters Attacks Odysee - LOL
pKuUKT-zU-g	EEVblog	2152	needs-whisper	EEVblog 1488 - Tilt Five Augmented Reality AR Glasses - First Reaction!
7O-QckjCXNo	EEVblog	592	needs-whisper	eevBLAB 99 - AI SPAM BOT Youtube Space/Science/Tech Channels? - WTF
VutdTxF4E-0	EEVblog	115	needs-whisper	RIP The Old Garage Lab
8yXZJZCKImI	EEVblog	3373	no-captions	EEVblog 1483 - Holy Mailbag Bomb Batman!
H8ot_YPi6QU	EEVblog	431	needs-whisper	eevBLAB 98 - The Pressure Youtubers Are Under
GHbo4v8pahc	EEVblog	1186	needs-whisper	eevBLAB 97 - Is Apple Serious About Right To Repair? (The Verge)
gLfxznVJ2q0	EEVblog	585	needs-whisper	Petition - Australian Standards Should be FREE
wPzzPGzxD00	EEVblog	2850	needs-whisper	EEVblog 1468 - Electronex Show Tour 2022
ebQ2Im5zfT0	EEVblog	1138	needs-whisper	EEVblog 1466 - Dumpster Dive Xeon Server
E6obq3T71vI	EEVblog	1552	needs-whisper	EEVblog1457 - Old School Mailbag - ESC Burnout
kcWwAweWjQg	EEVblog	1048	needs-whisper	EEVblog 1453 - Elgato Key Light TEARDOWN
LZdK1JP2UX8	EEVblog	4021	needs-whisper	EEVblog 1444 - XMAS Mailbag!
530G7ngo6_Y	EEVblog	1797	needs-whisper	EEVblog 1441 - Electric Buses are NOT a SCAM (Adam Something)
paIkiPEHQlk	EEVblog	300	needs-whisper	eevBLAB 90 - How to get Kids into STEM at School?
JvOnvDJbKsc	EEVblog	2120	needs-whisper	eevBLAB 89 - Youtube is DEAD - Dislike Count REMOVED!
7JAuXQWvGlg	EEVblog	1589	needs-whisper	EEVblog 1434 - Cadex C7000 Battery Analyser Teardown
sBoBhGrOZ_E	EEVblog	4217	needs-whisper	EEVblog 1433 - More Adventures in Sony RX100 Repair (Part 3)
svNDD4XRJF4	EEVblog	1010	needs-whisper	EEVBlog 1432 - Owning an ELECTRIC CAR for 12 Months & 17,000km
84-Mh7LFpso	EEVblog	1797	needs-whisper	EEVblog 1430 - Rent vs Buy - My $400,000 MISTAKE!
T5cRvs44LcE	EEVblog	2722	needs-whisper	EEVblog Survey Results - 2021
oknr1OaqnUE	EEVblog	1777	needs-whisper	EEVblog 1422 - CAUSE of the Tesla Victoria Big Battery Fire
58rxS_AXYRA	EEVblog	797	needs-whisper	EEVblog 1421 - Epson Dumpster Hack
Bc67cIRHDmg	EEVblog	1197	needs-whisper	EEVblog 1419 - Sinclair C5 Restoration - Part 2
sREAh14_K0o	EEVblog	1763	needs-whisper	EEVblog 1416 - Random TEARDOWN: Sennheiser EW100 True Diversity Receiver
F7sHU3momzA	EEVblog	426	needs-whisper	ANNOUNCEMENT + GIVEAWAY - EEVblog 2021 Survey
moa3YBdLepg	EEVblog	693	needs-whisper	eevBLAB 88 - Right To Repair Questions & Answers
SFFGqXGvgx0	EEVblog	1794	needs-whisper	EEVblog 1412 - Argon Ion Laser TEARDOWN!
lDdRVtka0Jg	EEVblog	3369	needs-whisper	EEVblog 1408 - $5M WiGL Wireless Charging BUSTED!
YxyW_mttnQ0	EEVblog	1075	needs-whisper	eevBLAB 87 - Flake Multimeter Watch!
Muiwo1Rw4_8	EEVblog	2760	needs-whisper	EEVblog 1403 - Mailbag
AQK7RyecVW0	EEVblog	1430	no-captions	EEVblog 1397 - DC Fundamentals Part 2: DC Voltage & Current Sources (Thevenin & Norton Theorems)
Ns8FWobISNA	EEVblog	3623	needs-whisper	EEVblog 1391 - Mailbag
dxc5aHCVQzA	EEVblog	1692	needs-whisper	EEVblog 1390 - NEGATIVE Household Solar Consumption? WHY?
yb73J7dTg_w	EEVblog	961	needs-whisper	eevBLAB 86 - On The Importance Of Diligence + NEWS
BnKDj4ed40Y	EEVblog	1699	no-captions	EEVblog 1387 - MOSFET Repair Replacement Search
PNWmfdH_Bzs	EEVblog	598	needs-whisper	EEVblog 1384 - Halve Your Processor Power Consumption!
-Yafi1t1Fwk	EEVblog	1100	needs-whisper	EEVblog 1380 - BBQ IBM Chips
sHDJKiQIncU	EEVblog	935	needs-whisper	eevBLAB 85 - Youtube TAX!
QKdLP1cP3Dg	EEVblog	3149	needs-whisper	EEVblog #1375 - Mailbag: IEEE
ggeCYry3gTw	EEVblog	1782	needs-whisper	EEVblog #1374 - DIY Trezor Crypto Hardware Wallet - Part 1
zsfPaWLrS1w	EEVblog	1188	needs-whisper	EEVblog #1373 - DIY PCB Photograhy LED Light Box - Part 2
E_ChC3eY0zI	EEVblog	1055	needs-whisper	eevBLAB #84 - 2021 is the Year of Alternatives
oIImmlfCyzo	EEVblog	1771	needs-whisper	EEVblog #1363 - Solar FREAKIN' Roadways Gets NEW FUNDING!
pOIXHWdi6PA	EEVblog	3977	needs-whisper	EEVblog #1362 - A Very Skookum Mailbag
GSSxcJi6rqM	EEVblog	1079	needs-whisper	EEVblog #1359 - My SUPER PORTABLE Vlogging Kit!
dM280lopxms	EEVblog	799	needs-whisper	EEVblog #1357 - Dumpster Diving Santa PC
QrYYGS0uZlU	EEVblog	1439	needs-whisper	EEVblog #1353 - WHY Are These Pins Shorted?
UE-LXmYl8Mo	EEVblog	1564	needs-whisper	EEVblog #1352 - Aircraft Transponder TEARDOWN!
dtqBbaVNI0c	EEVblog	211	needs-whisper	eevBLAB #83 - DJI Pocket 2 Camera Registration BULLSHIT!
J7kBzYX1NvA	EEVblog	3267	needs-whisper	EEVblog #1351 - Mailbag
YZCPlbOuxJY	EEVblog	248	needs-whisper	EEVblog #1349 - Energizer Battery Leakage - MADE IN USA!
qnZ9KfJNjRQ	EEVblog	1463	needs-whisper	EEVblog #1346 - How An Infrared Optical Touch Screen Works
27jn7qwJ8VE	EEVblog	1197	needs-whisper	EEVblog #1344 - Custom Lab Storage Shelves
YgBC-Tvv9aY	EEVblog	1650	needs-whisper	EEVblog #1343 - DEAD Deck Cree LED's
ZPFLlWJnWHc	EEVblog	969	needs-whisper	Abandoned Lab Tour
dKs3LytrICA	EEVblog	1791	needs-whisper	EEVblog #1339 - Looking at an Electric Bus!
8ajM3kkKwNs	EEVblog	365	needs-whisper	eevBLAB #81: Google BANNED LBRY Android App from Play Store
51lGAzDM0-k	EEVblog	2867	needs-whisper	EEVblog #1338 - Rubber Coated Mailbag
CPcZm1Tu5VI	EEVblog	1781	needs-whisper	EEVblog #1337 - I Bought a Fully Electric Elite Car!
6z9sqcjBtHM	EEVblog	642	needs-whisper	eevBLAB #80 - Is Staying Private Online Good For Your Career?
WysR1gF0QjI	EEVblog	757	needs-whisper	eevBLAB #79 - Bunker Shelving Storage BUILD + Moving Labs!
-nwCYfff6Hc	EEVblog	2272	needs-whisper	EEVblog #1331 - BattLab One Review
gj70jpdVMPY	EEVblog	2913	needs-whisper	EEVblog #1330 - Mailbag with GUEST LABS!
6cm27PLwUYc	EEVblog	2865	needs-whisper	EEVblog #1326 - How Engineering Minds Think Alike
AvAlEe6qecM	EEVblog	1187	needs-whisper	EEVblog #1321 - SunPlower - DUMBEST IDEA Since Solar Roadways!
KJEmBtvZrPU	EEVblog	533	needs-whisper	eevBLAB #78 - Engineering Student Job Advice
mN_YGKt_ijk	EEVblog	705	needs-whisper	EEVblog #138 - Top 5 Engineering Graduate Tips
FUjRmecLGzw	EEVblog	647	needs-whisper	eevBLAB #77 - TV Packaging Technology is INTERESTING
dCLxiN_dpjU	EEVblog	1012	needs-whisper	eevBLAB #76 - HUGE Youtube Ad Changes will impact YOU!
W0mMOHrftgU	EEVblog	604	needs-whisper	Youtube DELETED Jordan Pier's Electronics Repair Channel!
y5qjGPZ5VhQ	EEVblog	3188	needs-whisper	EEVblog #1318 - What's State-of-the-Art in µCurrent Opamps?
7QjsjWClyKU	EEVblog	3145	needs-whisper	EEVblog #1313 - Bad Luck Mailbag
E81hlwciXJU	EEVblog	1259	needs-whisper	EEVblog #1306 (5 of 5): Spooky Action - Hardware Testing
2CDN8EQmOeo	EEVblog	931	needs-whisper	EEVblog #1306 (3 of 5) : How to program an STM32 using DFU Bootloader
VJJmtm0VmIs	EEVblog	2004	needs-whisper	EEVblog #1306 (2 of 5): PCB SMD Hand Soldering & Assembly
TyCqcR-ferk	EEVblog	4109	needs-whisper	EEVblog #1304 - Mailbag
6juM5ygT9is	EEVblog	703	needs-whisper	EEVblog #1303 - New Lab LED Panels
wU3FAIaAF0I	EEVblog	1063	needs-whisper	eevBLAB #75 - Income Shootout! LBRY vs Youtube!
f496QtJDgzc	EEVblog	597	no-captions	"EEVblog #1300 - ""Parts Per"" Notation EXPLAINED"
TltM74rNasM	EEVblog	1275	needs-whisper	eevBLAB #73 - Medtronics Open Ventilator + Others UPDATE
1wrin8FYtEo	EEVblog	911	needs-whisper	eevBLAB #72 - BUSTED! Medtronics Open Ventilator FAIL
889TkOQmCjY	EEVblog	989	needs-whisper	EEVblog #1296 - Alkaline Battery Leakage Testing 2 - Electric Boogaloo
W_3cdjneOO0	EEVblog	3287	needs-whisper	EEVblog #1291 - Mailbag
1v2_h-_YHEE	EEVblog	1086	needs-whisper	eevBLAB #71: Audience Retention + My Editing Process
9s1sJRO7rwU	EEVblog	2671	needs-whisper	EEVblog #1286 - Mailbag
PJs1Ax6M9Qs	EEVblog	2901	needs-whisper	EEVblog #1278 - Mailbag
m08EqBTeg4I	EEVblog	2699	needs-whisper	EEVblog #1270 - Electronics Textbook Shootout
r8X76uW1fMY	EEVblog	1187	needs-whisper	EEVblog #1269 - Solar Roadways SR4 DATA Hilarity!
Ug7xa-7sako	EEVblog	4225	needs-whisper	EEVblog #1268 - DIY Boeing 747 Cockpit Simulator Full Tour
U5aaDVEeTSQ	EEVblog	1535	needs-whisper	EEVblog #1267 - How To Control a 747 Flight Simulator
pt2CgSphN58	EEVblog	3175	needs-whisper	EEVblog #1263 - Mailbag
Ywj-FcVNhec	EEVblog	1193	needs-whisper	eevBLAB #68 - Youtube COPPA Adpocalypse 3.0
7Ls_8Cwi8_s	EEVblog	689	needs-whisper	"EEVblog #1261 - Dumpster Diving 55"" LCD TV"
SIH48bIUU00	EEVblog	2202	needs-whisper	EEVblog #1260 - $70 100MHz Oscilloscope?
GiN9d6NnTDA	EEVblog	1181	needs-whisper	eevBLAB #67 - Shilling NordVPN & Youtube Sponsorships
Yxo_pTfj07U	EEVblog	1766	no-captions	EEVblog #1256 - GORGEOUS Mystery Test Gear Teardown!
Lu8gJ2pKSnY	EEVblog	1381	needs-whisper	EEVblog #1255 - Apple iPad 5th Gen Screen REPAIR
9M76q2_VfDQ	EEVblog	1287	needs-whisper	EEVblog #1253 - LED Flicker 2: Electric Boogaloo
2Qi2tL2IvxY	EEVblog	1729	needs-whisper	EEVblog #1251 - LifeSaber Kickstarter - A Master of None FAIL
9inGSp2QnfI	EEVblog	1694	needs-whisper	EEVblog #1245 - A Most Excellent REPAIR: IBM PCjr Keyboard
nTpE1Nw3Yy4	EEVblog	2203	needs-whisper	EEVblog #1241 - Power Up Display Counter Project - Part 1
3EgRMEc8R_I	EEVblog	1567	needs-whisper	eevBLAB #63: How Affordable Are Electric Cars?
I7nbYBcH0tU	EEVblog	1429	needs-whisper	EEVblog #1236 - German Solar Freakin' Roadways!
m9xWd25ebPg	EEVblog	929	needs-whisper	EEVblog #1227 - The Free Energy Community RESPONDS!
5ZQHSsFnACs	EEVblog	1769	needs-whisper	EEVblog #1225 - Dumpster Credit Card Embosser!
t1R9IQF0Y9s	EEVblog	1774	needs-whisper	EEVblog #1224 - uBeam is Sinking!
PA-XTgy_m2k	EEVblog	2387	needs-whisper	EEVblog #1221 - Mailbag Monday
mCyYlvrQ6AM	EEVblog	577	needs-whisper	EEVblog #1219 - Don't Trust Switches - Toy Repair
ITfQ4S0OUhs	EEVblog	448	needs-whisper	EEVblog #1217 - My Home Solar Power System FAILED!
W4twnd-YQQ4	EEVblog	1020	needs-whisper	EEVblog #1213 - The Oscilloscope Interpolation Trap!
ZQq8V73b4io	EEVblog	1186	needs-whisper	EEVblog #1207 - ARM Dev Boards Falling From The Sky!
zaYBc0akaUE	EEVblog	560	no-captions	eevBLAB #62 - PCB Wars - The Rise Of KiCAD
lamL392NJRM	EEVblog	2200	needs-whisper	EEVblog #1205 - RC2014 Z80 Computer Kit Build
Rq14Cn13dBw	EEVblog	1294	needs-whisper	EEVblog #1204 - Samsung Galaxy Fold Failure - Analysis
yPLA69a5OOU	EEVblog	2953	needs-whisper	EEVblog #1201 - Nobel Laureate in the EEVBlog Lab!
RTmzVs6LHRo	EEVblog	1491	no-captions	EEVblog #1196 - Custom Heat Sink Design (µSupply Part 19)
JrZH_ZQNFzo	EEVblog	982	needs-whisper	"EEVblog #1195 - Sony 4K 60"" LCD TV Audio Repair"
Y4nKxjfXgcg	EEVblog	323	needs-whisper	EEVblog Lab Flood Update #1
3METfruYMUo	EEVblog	473	needs-whisper	EEVblog Lab FLOODED!
HfqpuhYiR3o	EEVblog	1129	needs-whisper	eevBLAB #60 - Kickstarter Free Energy SCAMS!
OD7LWczxemw	EEVblog	2173	needs-whisper	EEVblog #1179 - Mailbag
uRaB6xtAPj8	EEVblog	1093	needs-whisper	eevBLAB  #59 - Patreon Is An Unsustainable Business!
GZCTwXZIwjc	EEVblog	1068	needs-whisper	EEVblog #1177 - Ericsson PABX Teardown
WQRdEtqLabE	EEVblog	222	needs-whisper	eevBLAB #58 - Engineers Are Underappreciated
Z6F7Pwi6WLI	EEVblog	1780	needs-whisper	EEVblog #1174 - Rohde & Schwarz PSU Teardowns
UXmJpLO8beE	EEVblog	1780	needs-whisper	EEVblog #1173 - Rohde & Schwarz Power Supply Bonanza
xo4sojpJIBI	EEVblog	1060	needs-whisper	EEVblog #1170 - TRUE Mystery Teardown! (not even Dave knows)
OA7_jwk-dGc	EEVblog	1780	needs-whisper	EEVblog #1169 - TI 1972 Computer Interfacing
qtDY6DEK-dE	EEVblog	1169	needs-whisper	EEVblog #1168 - Dumpster Diving UPS
Nes0MnoeRtg	EEVblog	1762	needs-whisper	EEVblog #1167 - Let's Talk About Patents
FjlyLIpf4HU	EEVblog	1983	needs-whisper	EEVblog #1165 - Cypres Parachute Safety AAD Teardown
OtRSR_v3ZgM	EEVblog	3288	needs-whisper	EEVblog #1163 - Xmas Mailbag
IcKlyIEfoPI	EEVblog	1519	needs-whisper	EEVblog #1162 - Little British Monitors
BGcKjy_UNQ4	EEVblog	1191	no-captions	EEVblog #1157 - Transistor Zener Clamp Circuit
XrhCGrZyIVM	EEVblog	1992	needs-whisper	EEVblog #1155 - Mailbag
6IzVrEk72ww	EEVblog	571	needs-whisper	eevBLAB #56 - Another Bogus Copyright Claim
UDGsZcAWgL8	EEVblog	2379	needs-whisper	Rigol MSO5000 Bug Bonanza
Z4qVzeZfNAE	EEVblog	1835	needs-whisper	EEVblog #1148 - Mailbag
4Zw_W0iaGFM	EEVblog	914	needs-whisper	EEVblog #1144 - Padauk Programmer Reverse Engineering
r45r4rV5JOI	EEVblog	1182	needs-whisper	EEVblog #1141 - Padauk 3 CENT Micro - Programmer
MlD4x0WMbZo	EEVblog	417	needs-whisper	eevBLAB #55 - Solidworks Pricing SUCKS!
r1gTu5r8mkQ	EEVblog	1653	needs-whisper	EEVblog #1135 - Science Fair 200-in-1 with Sagan
udvPyB7XcQ8	EEVblog	1741	needs-whisper	EEVblog #1133 Mailbag Monday
SdKdQWhlNTY	EEVblog	1137	needs-whisper	EEVBlog #1131 - £1M Prank - Banksy Artwork Shredded! HOW?
cwNBfnNO4AY	EEVblog	1193	needs-whisper	EEVblog #1130 - Mailbag Monday
R_Ud-FxUw0g	EEVblog	5106	needs-whisper	EEVblog #1129 - Creating a Nice Readable Schematic
d9yA6bEhwAA	EEVblog	774	needs-whisper	EEVblog #1128 - Studio Monitor Speaker Noise - Part 2
qp-JyM3wCLg	EEVblog	446	needs-whisper	eevBLAB #53 - Beware of Trademark Scams
znvIAEquD3k	EEVblog	1198	needs-whisper	eevBLAB #52 - My Personal Data STOLEN from the Government!
9SAzxlF57mc	EEVblog	1324	needs-whisper	EEVblog #1120 - How To Understand Polarised Light
CBD9vwKcvtY	EEVblog	1846	needs-whisper	EEVblog #1117 - PCB Power Plane Capacitance
VnrtneFP_6A	EEVblog	1400	needs-whisper	eevBLAB #51- Industry Story - Design Deadlines & Unusual PCB Designs
7NHu2veqk_4	EEVblog	821	needs-whisper	EEVblog #1112 (PART 2) - More Vintage Warehouse Diving
MA5cMpHz3o4	EEVblog	696	needs-whisper	eevBLAB #49 - Paid Dislikes! (AGAIN!) - BattBump
KhRy6GDHgUA	EEVblog	773	needs-whisper	EEVblog #1099 - BattBump Kickstarter REDACTED EDITION!
U_ftKolqq80	EEVblog	578	needs-whisper	eevBLAB #48 - The end of Tech Journalism on Youtube?
SyXiWNZs7l4	EEVblog	3412	needs-whisper	EEVblog #1097 - Mailbag
HmkIPkXpg9U	EEVblog	1176	needs-whisper	EEVblog #1095 - Is a $38 Multimeter any good? ANENG Q1 Review (4K!)
qo0mizb3CE8	EEVblog	1163	needs-whisper	EEVblog #1094 - Casio FX260 Solar II Calculator Tritium Nuclear Battery Experiments
2bXjn3wwM8o	EEVblog	1774	needs-whisper	EEVblog #1092 - Wi-Charge IR Wireless Charging - Fact or Fiction?
GCHshGyvzoU	EEVblog	1690	needs-whisper	EEVblog #1090 - Sony Mystery Teardown
KRzqd2fg_0o	EEVblog	263	needs-whisper	eevBLAB #47 - Youtube Are Watching You
aQQE8V9NBXw	EEVblog	1162	no-captions	EEVblog #1086 - 5 Year Solar Power Results - Payback?
6vbI-r5aXJI	EEVblog	1093	needs-whisper	EEVblog #1080 - Gigatron TTL RISC Kit Computer Review
vwo7sSrSSW4	EEVblog	1929	needs-whisper	EEVblog #1078 - World's Thinnest Calculator Teardown!
noNyZ2A3k4Q	EEVblog	394	needs-whisper	eevBLAB #46 - Indiegogo Campaign Logo Fraud
Dj1-5AVJzuQ	EEVblog	387	needs-whisper	EEVblog #1076 - KRK Textile Dome Tweeter Teardown
w1Js9R39778	EEVblog	1625	needs-whisper	EEVBlog #1075 - Digital BitBox Hardware Wallet Review
5WlRm-ghuoA	EEVblog	332	needs-whisper	EEVblog #1070 - What The Hack? Dumpster Hacking!
QCCmqosHT-o	EEVblog	741	needs-whisper	EEVblog #1068 - Autonomous Uber Incident Update
HHALK0sv1Y0	EEVblog	1754	needs-whisper	EEVblog #1067 - Analog vs Digital Multimeters!
HjeR13u74Mg	EEVblog	935	needs-whisper	EEVblog #1066 - Uber Autonomous Car Accident - LIDAR Failed?
ibPgfzd9zd8	EEVblog	2701	needs-whisper	EEVblog #1062 - Trezor Model T Hardware Wallet Review
n0jSPmWlUU8	EEVblog	482	needs-whisper	eevBLAB #45 - WIRED Job Ad & Tech Journalism
Ac1zZo7wLo8	EEVblog	593	needs-whisper	eevBLAB #44 - Sonos Deliberately Bricking Products!
d8i125NSaqE	EEVblog	2728	needs-whisper	EEVblog #1056 - Digilent Open Scope MZ Review
XRc7Qxf4ltM	EEVblog	2338	needs-whisper	EEVblog #1053 - The Biggest 80's Computer FAIL - IBM PC Jr
dFAuPuHiECE	EEVblog	1326	needs-whisper	Guest Video: - Kaizer Power Electronics - Sony BVP-7AP Vintage Video Camera Teardown
XqakD0dXdjM	EEVblog	2101	needs-whisper	Guest Video: Kerry Wong - HP493A 8GHz Microwave RF Amplifier Teardown
yabl87SD-3M	EEVblog	910	needs-whisper	Guest Video: Brian Lough - ESP8266 Libraries
-9l41zNWlxY	EEVblog	1064	needs-whisper	Guest Video: Voltlog #142 - Mailbag
HbMnQdRzD8A	EEVblog	650	needs-whisper	Guest Video: Bob DuHamel - How Opamp Virtual Grounds Work
EVcxrYnY1ok	EEVblog	813	needs-whisper	Guest Video: TGSoapbox - RF Crystal Detectors
NvIv-0-R6qQ	EEVblog	1239	needs-whisper	Guest Video: TannerTech Designing a Frequency Counter
EHLRQbCW5oM	EEVblog	883	needs-whisper	Guest Video: Electronoobs - Building a POV Display
lKCNS85RDdA	EEVblog	225	needs-whisper	121GW Indiegogo SCAM!
8OaZ89TN0fo	EEVblog	1310	needs-whisper	Guest Video: OpenTechLab - IcoBoard FPGA Experiments
liXaHJLn6Ps	EEVblog	588	needs-whisper	EEVblog #1051 - 121GW Multimeter Mass Turbulence
W_4Imp3TJAI	EEVblog	588	needs-whisper	EEVblog #1050 - MORE Solar Roadways LOL!
4tcC_TdhzUU	EEVblog	1048	needs-whisper	eevBLAB  #43 - Kickstarter Vultures
rpwx-8s1M38	EEVblog	1190	needs-whisper	EEVblog #1047 - Solar Roadways FINALLY BUSTED! (Colas Wattway)
LDt_WXnEnw0	EEVblog	779	needs-whisper	eevBLAB #42 - Patreon FAIL!
pW4HjuH1QRY	EEVblog	679	needs-whisper	EEVblog #1046 - Mysterious Digital Voltage Doubling (LCD design)
-_rqzsJy_Qs	EEVblog	2262	needs-whisper	Demonstrating Creation of a Xamarin C# Multiplatform Calculator App
Gwp645Vv8Bs	EEVblog	1821	needs-whisper	eevBLAB #41 - VidMe Is Shutting Down!
zy_Qlx_djCU	EEVblog	2751	needs-whisper	EEVblog #1043 - Mailbag
xTZpGM2P9u4	EEVblog	757	needs-whisper	MCAD Shootout! - Rhino vs Solidworks vs OnShape
5CiR3cZGZS8	EEVblog	1248	needs-whisper	EEVblog #1041 - Keysight Calibration Lab Tour
ywewix7DlpI	EEVblog	1973	needs-whisper	EEVblog #1038 - Uni-T UPO2104CS Oscilloscope Teardown
WvaGXF-prz8	EEVblog	2524	needs-whisper	EEVblog #1034 - Mailbag
rEOBcUW2Nf8	EEVblog	992	needs-whisper	eevBLAB #39 - Youtube Alternatives
65ENph8sV-0	EEVblog	1054	needs-whisper	EEVblog #1033 - Sony WatchCam Pocket Flat CRT Monitor Teardown
jtTwxs8dlnQ	EEVblog	379	needs-whisper	eevBLAB #38 - Digikey & The US Government Watchlist!
DD7unrTrVdc	EEVblog	1934	needs-whisper	EEVblog #1032  Part 4 - John Kenny Keysight Interview
fpstmpm_rFM	EEVblog	1953	needs-whisper	EEVblog #1032 Part 3 - John Kenny Keysight Interview
WoRJOCdNahc	EEVblog	1679	needs-whisper	EEVblog #1032 Part 1 - John Kenny Keysight Interview
rfaCFEqk05M	EEVblog	630	needs-whisper	EEVacademy | Digital Design Series Part 3 - Designing Combinatorial Digital Logic Circuits
b_Syp2uyqtE	EEVblog	775	needs-whisper	eevBLAB #37 - Youtube Copyright Trolls
K0zXjiSCv5I	EEVblog	592	needs-whisper	EEVblog #1026 - Mystery Dumpster Diving PC
dxRsxmDcIYs	EEVblog	1784	needs-whisper	EEVblog #1025 - Minute Physics + Bill Nye Promoting Rayton Solar
C1on-LaIsCA	EEVblog	1715	needs-whisper	EEVblog #b10000000000 - 1K Micro Magic
rTPhuRQBmLQ	EEVblog	2177	needs-whisper	EEVblog #1022 - How To Find A $50 Oscilloscope On Ebay - REDUX
7t_Zdpf8p_o	EEVblog	1356	needs-whisper	EEVblog #1021 - Retro Radio Shack TRS-80 Color Computer
8C0G_UUyUg0	EEVblog	375	needs-whisper	eevBLAB #34 - A Proposal For Youtube
Ru2rb7bFhag	EEVblog	1001	needs-whisper	EEVblog #1016 - Crude Multimeter High Voltage Overload Testing
ix2fR-rh1vc	EEVblog	483	needs-whisper	EEVblog #1015 - Beware Evil (But Clever) DC Jacks!
uV9mW0rpRxg	EEVblog	266	needs-whisper	eevBLAB #33 - Why Gold Plated Probes Matter
zRdovnGruqk	EEVblog	1456	needs-whisper	EEVblog #1014 - Masterlock Bluetooth Padlock Teardown
GEQjhRCCWsU	EEVblog	2849	needs-whisper	EEVblog #1013 - Mailbag
HsX9MJK9i4Y	EEVblog	1923	needs-whisper	EEVblog #1011 - Retro Teardown - World's First HD DVD Player
0eKCalM4ueM	EEVblog	1112	needs-whisper	EEVblog #1010 - Zyntony Ra LED Strap Light Teardown
BzxGoJdd8a4	EEVblog	1684	needs-whisper	EEVblog #1006 - Trezor Bitcoin Hardware Wallet Teardown
5LK8wduZsy0	EEVblog	1549	needs-whisper	EEVblog #1005 - Keithley 2302 Battery Simulator Teardown
AloQRY1ZOc0	EEVblog	599	needs-whisper	EEVblog #1002 - Trump's Solar Freakin' Wall DEBUNKED!
f0uvS80YIGU	EEVblog	564	needs-whisper	EEVblog #996 - What Is The CE Mark On A Product?
-JDsRZ4nmbo	EEVblog	333	needs-whisper	RF Test Chips Under The Microscope
hfUHRIYuDkI	EEVblog	1116	needs-whisper	EEVblog #992 - Olympus BHM Wafer Inspection Microscope
2xy_kqOufv8	EEVblog	2064	needs-whisper	The Signal Path Discussion - Science, Debunking & Education (2/3)
JCXgRyA_-Is	EEVblog	2551	needs-whisper	EEVblog #990 - Getting The PCB Manufactured (Nixie PART 5)
NznO-DVfLd0	EEVblog	2175	needs-whisper	EEVblog #988 - FLIR ETS320 Benchtop Thermal Camera Review
DizSMQSLuJc	EEVblog	1469	needs-whisper	EEVblog #987 - Keysight U1272A Multimeter EMC Followup
0JQlRXFi0Tc	EEVblog	190	needs-whisper	Electronics Podcast
n-pZHhqP4XU	EEVblog	2925	needs-whisper	EEVblog #986 - Mailbag
0Iv2TnI0C98	EEVblog	527	needs-whisper	EEVblog #983 - PART 2: Piezoelectric Oscilloscope Issue Followup
hrj9IAHWKkw	EEVblog	299	needs-whisper	eevBLAB #32 - Youtube Restricted Mode Followup
0Yr8sF6osyM	EEVblog	486	needs-whisper	eevBLAB #31 - Youtube Restricted Mode Comments WTF?!
_x8ii58-W_Y	EEVblog	3766	no-captions	EEVblog #982 - HP54616B 500MHz Oscilloscope REPAIR
NJvBQoIb5lg	EEVblog	1426	needs-whisper	EEVblog #980 - RoboMaid Automated Vacuum Cleaner Teardown
2t1Odn5dTD0	EEVblog	2493	needs-whisper	EEVblog #979 - Mailbag
p5jpxZbGp0Y	EEVblog	5495	needs-whisper	Product & Circuit Design Brainstorming
9KcOQsVxtoU	EEVblog	1722	no-captions	EEVblog #976 - Keysight 1000 X-Series Oscilloscope Teardown
WyPBIzJQB_o	EEVblog	740	needs-whisper	eevBLAB #30  - Popular Science FAIL! (WaterSeer Debunk)
D8Rom9Owsyo	EEVblog	1734	no-captions	EEVblog #973 - Hioki Multimeter Review & Clamp Meter Teardown
MWHamD1Hj58	EEVblog	1153	needs-whisper	Adventures in AVR ISP Programming
--oKMQITODc	EEVblog	914	needs-whisper	eevBLAB #29 - How To Search For An Enclosure
N63dJHbCdbk	EEVblog	629	needs-whisper	Sneak Peek: NEW Keysight 1000 X-Series Oscilloscope
gVfJTZG6h9o	EEVblog	1218	needs-whisper	EEVblog #972 - Operating Chips Outside Their Spec
m1qmf72o2Hw	EEVblog	1245	needs-whisper	eevBLAB #28 - How To Get A Product Designed
MWn3kaUeqRw	EEVblog	1513	needs-whisper	EEVblog #967 - Mystery Teardown
0U8he-5Bqtw	EEVblog	1060	needs-whisper	EEVblog #965 - The (Autodesk) Eagle Has Crashed
5SFnZIZa_ZI	EEVblog	2488	needs-whisper	EEVblog #964 - Mailbag
Iap43M40F80	EEVblog	596	needs-whisper	eevRANT: Lily Drones Folds. A $45M FAIL!
CuGNOP0Ubvo	EEVblog	436	needs-whisper	eevRANT: Refuting Bullshit
Tl90m2KHbNk	EEVblog	1959	needs-whisper	EEVblog #963 - Batteriser / Batteroo Passive Toy Test!
U8DnuSo8SV4	EEVblog	414	needs-whisper	EEVblog #962 - Hacking A Calculator Into A Counter
Nj-Q8FQxHhU	EEVblog	1204	needs-whisper	EEVblog #961 - Monkey Debouncing
oFTPTmZ7pDU	EEVblog	1403	needs-whisper	EEVblog #960 - Mystery Merry Mailbag Teardown
yNQCaSNIrEM	EEVblog	2349	needs-whisper	EEVblog #958 - Mailbag
gzbTXQlxuyo	EEVblog	2205	needs-whisper	EEVblog #946 - Apple (Raspberry) Pi Cluster - PART 2
S4HCQ3bkuZc	EEVblog	1028	needs-whisper	EEVblog #944 - Has the Future Arrived Yet? - Beyond 2000 - Part 2
aOOHVHhHS8E	EEVblog	999	needs-whisper	EEVblog 944 - Has the Future Arrived Yet? - Beyond 2000 Books - Part 1
koADGUyOWp4	EEVblog	2638	no-captions	EEVblog #940 - Mailbag
4H9xmJ9-7q0	EEVblog	1948	needs-whisper	EEVblog #937 - Retro Canon Still Camera Teardown!
U_QoWa6qXeo	EEVblog	437	needs-whisper	EEVsmoke #1 - Magic Component Smoke
8blgmbXfDEc	EEVblog	798	needs-whisper	New Dumpster Diving Monitor Score
kEp4k8TGzeI	EEVblog	1581	needs-whisper	eevBLAB #27 - Paid Blog & Review Offers
cmANDi1AcTs	EEVblog	570	needs-whisper	eevBLAB #26 - Youtube End Screen Feature FAIL
MWx8KDufnZY	EEVblog	3404	needs-whisper	EEVBlog #930 - Mailbag
QqPJJLkm46U	EEVblog	1070	needs-whisper	EEVblog #928 - Jaycar DMX RGB LED Lights Teardown
O3N9DqkVNFI	EEVblog	1288	needs-whisper	EEVblog #925 - Panasonic CF-U1 ToughBook Teardown
OOoruKxi7s0	EEVblog	1327	needs-whisper	EEVblog #924 - Hovering Delorean!
Uob1PWH9Uo0	EEVblog	796	needs-whisper	EEVblog #923 - World's Fastest Solar Electric Car
5wrSXCBdalc	EEVblog	669	needs-whisper	EEVblog #921 - Open Source Hardware Problems Solved!
KpXvt8HRdoU	EEVblog	503	needs-whisper	eevBLAB #25 - IEEE Maker Contest Extreme FAIL!
az4B2o4Kcsc	EEVblog	956	needs-whisper	EEVblog #918 - REPAIR: Sony Pyxis GPS
jb7ZzW03lW4	EEVblog	863	needs-whisper	EEVblog #916 - Work Bench Lighting From A Dumpster LCD TV
BjGdyajiSzM	EEVblog	1134	needs-whisper	EEVblog #915 - Dumpster Dive LCD TV Salvage
pMqn2o55BmM	EEVblog	3305	no-captions	EEVblog #913 - Mailbag
UKIzhz0XLaQ	EEVblog	2479	needs-whisper	EEVblog #912 - BM235 Multimeter Reverse Engineering
5B488t3mo5w	EEVblog	1078	needs-whisper	EEVblog #911 - 2016 Sydney Maker Faire Part 2
5fUOVNA1n9k	EEVblog	244	needs-whisper	EEVblog #911 - 2016 Sydney Maker Faire
m9HIYOK_8K4	EEVblog	114	needs-whisper	RFID/NFC Biometric Body Implant Payments
n47u2YQytjo	EEVblog	1966	needs-whisper	EEVblog #909 - Heart Defibrillator Teardown
33ETKOr7Yf8	EEVblog	254	needs-whisper	Multimeter Winner + Bio Teardown
lgtooEtk9R4	EEVblog	1633	needs-whisper	EEVcomments #1
0ZWSOx-T6lg	EEVblog	2215	needs-whisper	EEVblog #906 - Mailbag
_D_fi_ck9Vo	EEVblog	674	needs-whisper	EEVblog #901 PART 2 - RPi 3 Photoflash WiFi Problem
dDcsTnqVgWc	EEVblog	546	needs-whisper	EEVblog #901 - Raspberry Pi 3 Photoflash Problem
FfsPL0pIpxw	EEVblog	600	needs-whisper	eevBLAB #24 - PCB Wars! Altium Circuit Studio vs Autodesk Eagle
boahAP3Sf4s	EEVblog	1856	needs-whisper	EEVblog #899 - Extreme Mailbag!
nJLOZDPTp3I	EEVblog	2538	needs-whisper	EEVblog #896 - Space Electronics
ZE3zf2lGyt8	EEVblog	2857	needs-whisper	EEVblog #893 - Mailbag
VKJ1h6ThW3Y	EEVblog	2130	needs-whisper	EEVblog #888 - Mailbag
S7NoK2fiUD4	EEVblog	627	needs-whisper	EEVblog #885 - Audi Quattro Lunar Rover Unboxing!
TEyU1zSqFwU	EEVblog	1111	needs-whisper	EEVblog #883 - Orange Pi One vs Raspberry Pi 2
4ik7AGGN8-o	EEVblog	549	needs-whisper	eevBLAB #22 - Ebay is BROKEN!
MFSyGFXbsPk	EEVblog	712	needs-whisper	EEVblog #882 - Dumpster Dive Apple Xserve Computers
5bWEiyx6Bns	EEVblog	2378	needs-whisper	EEVblog #880 - Mailbag
dEqlOj6_m0Q	EEVblog	2555	needs-whisper	EEVblog #877 - Solar Analytics Home Energy Monitoring Installation
OScKr-VwaqU	EEVblog	3173	needs-whisper	EEVblog #876 - NI VirtualBench Review
3sSu-N1zkqQ	EEVblog	2590	needs-whisper	EEVblog #875 - NI VirtualBench Teardown
4cU7zCx_liM	EEVblog	1511	needs-whisper	EEVblog #874 - World's Oldest Electronics Hobbyist!
f14nv3uf2ik	EEVblog	511	needs-whisper	EEVblog #873 - World's Most Dangerous Consumer Product!
UvJD8hbFbhU	EEVblog	2863	needs-whisper	EEVblog #872 - Mailbag
TJcMgoJ4DOE	EEVblog	1942	needs-whisper	EEVblog 869 - Counting LED Photons!
G9ChhjOKyLA	EEVblog	1995	needs-whisper	EEVblog #868 - Keysight U1282A Multimeter Torture Test
3cIkk05VHsM	EEVblog	1576	needs-whisper	EEVblog #867 - The Search For The First TTL Chip
E3B4OTV8f1o	EEVblog	1563	needs-whisper	EEVblog #864 - Siglent SDS2000X Series Oscilloscope Teardown
hw0enSx3ScA	EEVblog	2458	no-captions	EEVblog #863 - Sony D50 Discman Teardown - World's First Portable CD Player
BcJ6UdDx1vg	EEVblog	2008	needs-whisper	EEVblog #859 - Bypass / Decoupling Capacitor Tutorial
ptWr0jS-aL8	EEVblog	559	needs-whisper	EEVblog #857 - High Speed Camera Fun
GiIylTuyNWc	EEVblog	2477	needs-whisper	EEVblog #856 - Mailbag
7yIjK66feEA	EEVblog	1901	needs-whisper	EEVBlog #851 - Mailbag
RjbKYNcmFUw	EEVblog	855	needs-whisper	EEVblog #850 - French Wattway Solar Roadways BUSTED!
_V6nYLIChUA	EEVblog	795	needs-whisper	EEVblog #848 - Home Energy Savers BUSTED!
_9oZGqLf87A	EEVblog	662	needs-whisper	EEVblog #844 - Solar Panel Replacement
n_gfZsVb-SY	EEVblog	3480	needs-whisper	EEVblog #843 - David's rPrint 3D Printer Design
q_FBwu2K7j0	EEVblog	3002	no-captions	EEVblog #842 - Rohde & Schwarz HMO1202 Oscilloscope Teardown
7bjQU0ogaPQ	EEVblog	2738	needs-whisper	EEVblog #839 - Mailbag
coSt5HWRvv4	EEVblog	1574	needs-whisper	EEVblog #837 - Reverse Engineering A Valve Headphone Amplifier
IFSJ2tLbewI	EEVblog	947	needs-whisper	eevBLAB #20 - Franky, Ebay, & Hong Kong
dXbbJOH59oo	EEVblog	2588	needs-whisper	EEVblog #833 - Mailbag
lKhESCFeHy0	EEVblog	2410	needs-whisper	EEVblog #827 - Mailbag
6enosoC9NsU	EEVblog	262	needs-whisper	Home Rooftop Solar Power System Update - Shattered Panel!
9SXZk2tsQ4g	EEVblog	2455	needs-whisper	EEVblog #824 - GW Instek GDS-1000B Oscilloscope Teardown
iI5DmU7g32A	EEVblog	1930	needs-whisper	EEVBlog #823 - Rigol DSG815 RF Signal Generator Teardown
BCRkJquKQiw	EEVblog	1810	needs-whisper	EEVblog #821 - Mailbag
1apCAzCTZdQ	EEVblog	3712	needs-whisper	EEVblog #818 - Embedded Electronics With Jack Ganssle
V1eivQNtulE	EEVblog	4722	needs-whisper	Dick Smith Talk - Amateur Radio & Adventure
cGxUXg1fQCs	EEVblog	1076	needs-whisper	EEVblog #816 - Chinon Film Camera Teardown
G_MMIv5ia5g	EEVblog	1998	needs-whisper	EEVblog #814 - Keysight N8762A 600V 5100W PSU Teardown
Oon6TyiUx9Q	EEVblog	144	needs-whisper	eevBLAB #19 - State Of Electronics Documentary
OgsWOHdDn2w	EEVblog	2267	needs-whisper	EEVblog #812 - Varta 15min NiMH Charger Part 2
PxZ7M1hZqXk	EEVblog	2259	needs-whisper	EEVblog #811 - How The Varta 15 Minute Battery Charger Works
awZLvTRtoiI	EEVblog	1895	needs-whisper	EEVblog #810 - Micsig MS310 Handheld Oscilloscope Teardown
HeEAVj2Szbg	EEVblog	867	needs-whisper	eevBLAB #17 - The Australian NBN SUCKS! (For Businesses)
c8QyGpMVVMY	EEVblog	2337	needs-whisper	EEVblog #807 - Mailbag
_Mup2VnXH_k	EEVblog	1531	needs-whisper	EEVblog #806 - Siglent SDG2000X Arb Function Generator First Look
F_REyGWNAmc	EEVblog	2988	needs-whisper	EEVblog #802 - Mailbag
Ns0i3PEfOag	EEVblog	420	needs-whisper	Electronex 2015 Walkaround
L5oQbdgsLtE	EEVblog	1171	needs-whisper	EEVblog #798 - Mailbag
0rGdyCzJkCo	EEVblog	357	needs-whisper	EEVblog #796 - Leica DVM6 3D Microscope
0omYGdhmZQQ	EEVblog	2625	needs-whisper	EEVblog #795 - Electronex 2015
cNSt1GCVqyU	EEVblog	223	needs-whisper	eevBLAB #14 - 14yo Hobbyist Arrested For Bringing DIY Clock To School
4HK2OnvhJeY	EEVblog	315	needs-whisper	EEVblog #794 - Samsung Dumpster LCD Repair Connector Followup
OU08zwBH-wo	EEVblog	953	needs-whisper	eevBLAB #13 - Buying Youtube DISLIKES! - The Batteriser
WTK4CgYbXEQ	EEVblog	2595	needs-whisper	EEVblog #790 - Lecroy Wavejet 354 Touch Oscilloscope Teardown
3OrG5ucVQBA	EEVblog	573	needs-whisper	EEVBlog #786 - Sydney Maker Faire 2015 - Behind The Scenes
XxAElAtC7uE	EEVblog	1106	needs-whisper	EEVblog #785 - Sydney Maker Faire 2015 Interviews
BmkpPZ13S80	EEVblog	1859	needs-whisper	EEVblog #780 - Samsung LCD TV Dumpster Dive Teardown
kdCfAR06GeI	EEVblog	3219	no-captions	EEVblog #777 - Keithley 177 Microvolt DMM Repair
PKjtOTeAevg	EEVblog	744	needs-whisper	EEVblog #776 - World's Smallest Digital Dosimeter
bOE89yPxmGs	EEVblog	2675	needs-whisper	EEVblog #775 - Mailbag
b_eictfFUao	EEVblog	1734	needs-whisper	EEVblog #774 - Low Battery Discharge Testing Part 1
gQ3M3jb9eTU	EEVblog	1551	needs-whisper	EEVblog #773 - 80W INDUAL LED Light Teardown
1hs_9vx9APw	EEVblog	2162	needs-whisper	EEVblog #772 - How To Calculate Wasted Battery Capacity
mdnHHNeesPE	EEVblog	1714	needs-whisper	EEVblog #771 - Electronic Safe Lock Powerline Attack Part 2
Crx84tv0dyM	EEVblog	1841	needs-whisper	EEVblog #769 - Mailbag
G519KyjFE5c	EEVblog	1187	needs-whisper	EEVblog #766 - Vivid Sydney 2015 Light Festival
ty_sxMxUWeU	EEVblog	379	needs-whisper	EEVblog #765 - LED Panel Lighting Switching Noise
Oy32jWg1cYM	EEVblog	1192	needs-whisper	EEVblog #764 - New Lab Ceiling LED Lighting Installation
Ll-Obr91Z6s	EEVblog	599	needs-whisper	EEVblog #760 - Pebble Time Smartwatch Torture Test!
PP_gN_Im9IM	EEVblog	826	needs-whisper	EEVblog #758 - Pebble Time Smartwatch Unboxing & Review
TWcL0OF_eQI	EEVblog	2771	needs-whisper	EEVblog #754 - Altium Circuit Maker First Impressions
a0B4CWfYE8I	EEVblog	1678	needs-whisper	EEVblog #752 - Original Sony Walkman TPS-L2 Teardown
fKf_SIdCH1Q	EEVblog	367	needs-whisper	EEVblog #750 - Special Mailbag!
bMFNk9af1qA	EEVblog	1016	needs-whisper	EEVBlog #736 - World's First IR Thermal Camera Watch
V9tcC7Ks4_c	EEVblog	3263	needs-whisper	EEVblog #735 - Mailbag
MtRU8WPGlss	EEVblog	122	needs-whisper	Giroptic 360cam Kickstarter Prototype Test Footage
p6oYaFweigc	EEVblog	1023	needs-whisper	EEVblog #734 - Giroptic 360cam Kickstarter Prototype
UYGl0vebWN8	EEVblog	2201	needs-whisper	EEVblog #733 - Mailbag
JobJswHcnLE	EEVblog	505	needs-whisper	eevBLAB #8 - New Tektronix AGO3000 Oscilloscope
50m_OUrcxcM	EEVblog	2814	needs-whisper	EEVblog #729 - Mailbag
_UFT-mjyhG0	EEVblog	675	needs-whisper	EEVblog #728 - T4 LED Lighting
f4-jbobSll4	EEVblog	75	needs-whisper	The Art Of Electronics 3rd Edition!
EZZcfOrcMkk	EEVblog	409	needs-whisper	EEVblog #727 - How To Kill An Opamp
7OW5ga49QBg	EEVblog	1393	needs-whisper	EEVblog #725 - LG Plasma TV Teardown
fQAd7nposJQ	EEVblog	127	no-captions	Home Solar Power System Installation Time Lapse
kFth9K_IvwA	EEVblog	1874	no-captions	EEVblog #713 - Voice Recognition - 1980's Style
Gq8ly6TQQu8	EEVblog	442	needs-whisper	eevBLAB #7 - Radio Shack Declares Bankruptcy!
ZYC763Vx9O8	EEVblog	360	needs-whisper	eevBLAB #6 - Don't Assume It's Faulty
lSe4f9LJ93I	EEVblog	2437	needs-whisper	EEVblog #711 - Mailbag
MCDsge-3z0U	EEVblog	1047	needs-whisper	EEVblog #706 - Joystick Porn
4hHPeNIU6ls	EEVblog	3059	needs-whisper	EEVblog #705 - Mailbag
W2qdtQkBKhc	EEVblog	4724	no-captions	EEVBlog #704 - Rigol DS1054Z Oscilloscope Features Review
H9QONLaitWU	EEVblog	721	needs-whisper	EEVblog #702 - Keysight 3000T Oscilloscope Teardown
jV1BlsL5xVw	EEVblog	1489	needs-whisper	EEVblog #698 - GPU Video Rendering
NesFg-sfY6Q	EEVblog	3563	needs-whisper	EEVblog #697 - Mailbag
h2sOEN_TVT4	EEVblog	432	needs-whisper	eevBLAB #3 - Engineers Can't Spell
_hxdz6c8bHg	EEVblog	2032	needs-whisper	EEVblog #696 - Apple Lisa Retro Computer Teardown
GyFeF9qPFCc	EEVblog	1617	no-captions	EEVblog #695 - Mailbag Tektronix 2465 Analog Oscilloscopes
CQgJmmn-eSE	EEVblog	2564	needs-whisper	EEVblog #694 - Mailbag
9iXFhKUa1BU	EEVblog	202	needs-whisper	eevBLAB #2 - Are Electronics Hobbyists Useless?
Aymumu3mYl8	EEVblog	3185	no-captions	EEVblog #692 - Digilent Analog Discovery Review
HGgat5IVfFE	EEVblog	1492	no-captions	EEVblog #688 - How To Rework Solder SMD Chips - BTTF Time Circuits Repair!
kcOdzFaIYNE	EEVblog	978	needs-whisper	EEVblog #683 - Rigol DS1000Z & DS2000 Oscilloscope Jitter Problems
h6D4MMWjrmM	EEVblog	2092	no-captions	EEVblog #682 - Ness D16X Alarm Panel Repair
HOZBrHqTJk4	EEVblog	1888	needs-whisper	EEVblog #681 - More Solar Roadways BULLSHIT!
vuUSIt3rbyU	EEVblog	1054	no-captions	EEVblog #679 - How To Build A Small Electronics Work Bench
eU66as4Bbds	EEVblog	1488	needs-whisper	EEVblog #676 - RANT: FTDI Bricking Counterfeit Chips!
bDxabiM-WF8	EEVblog	1570	needs-whisper	EEVblog #665 - Polar Wearlink Heart Rate Transmitter Teardown
9aSPopIcKLQ	EEVblog	3284	no-captions	EEVblog #664 - Peltier TEG Energy Harvesting Experiments
ezr3CzGUVeQ	EEVblog	1758	needs-whisper	EEVblog #663 - Compucorp 322G Calculator Teardown
Dh0xYu8YvaE	EEVblog	1193	needs-whisper	EEVblog #662- How & Why to use Integration on an Oscilloscope
2vJ0c0ioAXY	EEVblog	2163	needs-whisper	Electronex 2014 - Walkaround
1ljwyt1FQCc	EEVblog	432	needs-whisper	Electronex 2014 - Behind The Scenes
E9lYHIAZeTc	EEVblog	3043	needs-whisper	EEVblog #661 - Mailbag
_EMAggN5H-w	EEVblog	1790	needs-whisper	EEVblog #659 - Medical Plugpack Teardown
LICQ6ca8h9Y	EEVblog	1188	needs-whisper	EEVblog #658 - Mailbag
B_W0BJ-q8ms	EEVblog	1206	needs-whisper	EEVblog #654 - Sydney Maker Faire 2014 Behind The Scenes
GJJ_qqYs3RQ	EEVblog	579	needs-whisper	EEVblog #653 - Sydney Maker Faire 2014 Highlights
ewO_2hQyGtY	EEVblog	1980	needs-whisper	EEVblog #650 - Canon HF G30 / XA20 / XA25 Camcorder Review
n13odoXQYeo	EEVblog	2111	needs-whisper	EEVblog #642 - TI Connected Launchpad
f2Tr8r2j8wQ	EEVblog	2659	needs-whisper	EEVblog #633 - Mailbag
drmmL7ESN8c	EEVblog	531	needs-whisper	EEVblog #627 - Dumpster Dive
YKJXBD6isR8	EEVblog	2297	needs-whisper	EEVblog #624 - Mailbag
3RHR_HSQhxg	EEVblog	714	needs-whisper	EEVblog #623 - See Through Thermal Camera Followup
6VTkWJtny9c	EEVblog	1037	needs-whisper	EEVblog #615 - Prema 6047 Multimeter Followup
RwAhluh7MUE	EEVblog	1734	needs-whisper	EEVblog #614 - Cebit 2014 Highlights
IHpoDx2FLyQ	EEVblog	1594	needs-whisper	EEVblog #612 - Mailbag
l5Cts5nPpcA	EEVblog	788	needs-whisper	EEVblog #610 - Why Digital Scopes Appear Noisy - Part 2
VCUdDe0t7YM	EEVblog	1041	needs-whisper	EEVblog #604 - Sinclair C5 Restoration - Part 1
ph3utXdviAY	EEVblog	2407	needs-whisper	EEVblog #603 - Gas Sensor Teardown - Dräger Multiwarn II
ihAG6cMpUlY	EEVblog	1655	needs-whisper	EEVblog #602 - Introduction to Microphones
d9lZ2-a1P-E	EEVblog	4146	needs-whisper	EEVblog #598 - Sony DME7000 Video Multi Effects Processor Teardown
1yAx1Etr1Gc	EEVblog	1112	needs-whisper	EEVblog #583 - Wyong HAM Radio Field Day 2014
Lb8r6ewHf_k	EEVblog	950	needs-whisper	EEVblog #581 - How To Do Kickstarter Surveys & Project Management
YpJ9ueJ9bEA	EEVblog	11174	needs-whisper	EEVblog #580 - Q&A
U-sGY_hsNU0	EEVblog	222	needs-whisper	EEVblog #578 - Proprietary Connector Rant - Panasonic LF1
579SYLxORyw	EEVblog	820	needs-whisper	EEVblog #575 - DIY 1970s Spectrum Analyser
R4V1xPHL804	EEVblog	2908	needs-whisper	EEVblog #573 - Mailbag
m9tza_c4sxc	EEVblog	1056	needs-whisper	uCurrent GOLD Assembler Parts Shipping
3g_BsHIMbrc	EEVblog	747	needs-whisper	EEVblog #570 - LAB Cleanup And Shelving
H2P1_JZYnVc	EEVblog	1666	needs-whisper	EEVblog #566 - Cheap USB Microscope Reviews
0Q-z5V9bYUs	EEVblog	626	needs-whisper	EEVblog #563 - 2013 Review
Ux7WdK6oym4	EEVblog	296	needs-whisper	uCurrent GOLD Kickstarter First Manufacture
JA-vi2iQ5vA	EEVblog	1428	needs-whisper	EEVblog #562 - More SMD Oven Reflow
FRDCLRry6ZU	EEVblog	117	needs-whisper	EEVblog #560 - How To Remove Sticker Residue On Test Equipment
0-IebArtT9I	EEVblog	611	needs-whisper	EEVblog #557 - Retro Sinclair ZX Spectrum Computer Teardown
ZQr0As65P7k	EEVblog	2152	needs-whisper	EEVblog #556 - Mailbag
gRiadnjyBdo	EEVblog	1556	needs-whisper	EEVblog #553 - Mailbag
1CZOThWik1k	EEVblog	1051	needs-whisper	EEVblog #550 - Manfrotto Video Camera Articulated Arm
A6hv5jZUwtc	EEVblog	1972	needs-whisper	EEVblog #546 - Mailbag Monday
X-2Kj979B3E	EEVblog	244	needs-whisper	EEVblog #545 - Vintage Design Rant
HVB7BW--zGY	EEVblog	2125	needs-whisper	EEVblog #541 - Mailbag
VF3EnUzynhg	EEVblog	224	needs-whisper	EEVblog #537 - Square Kilometre Array Phase Array Feed Prototype
92vemLHr9yE	EEVblog	545	needs-whisper	µRuler Shipment Update
EMjHbidR2CA	EEVblog	427	needs-whisper	EEVblog #535 - Dumpster Dive Plotter
LKv-F2clFDc	EEVblog	1583	needs-whisper	EEVblog #534 - Mailbag
PFcC315vuQ8	EEVblog	1468	needs-whisper	EEVblog #533 - LED Fluoro Tube Teardown
8d46gG4NNr4	EEVblog	714	needs-whisper	EEVblog #531 - LAB LED Fluoro Lighting Tube Replacement
MNDisp8IKe0	EEVblog	854	needs-whisper	EEVblog #529 - HP 35660A DSA Upgrade Investigation
9GjBFQgVWv0	EEVblog	774	needs-whisper	EEVblog #527 - Altium Entry Level PCB Tool Rant
YhXueY3FW6s	EEVblog	1022	needs-whisper	EEVblog #524 - Vignetting on a Cathode Ray Tube
CAnWSYg1z9A	EEVblog	548	needs-whisper	EEVblog #522 - Rigol DS1000Z Oscilloscope Quick Look
kU2qmhzlc2o	EEVblog	1208	needs-whisper	µRuler Packing
nlfU1gvwBRM	EEVblog	1126	needs-whisper	EEVblog #520 - Michael's 3D Printer
WCfG0OBEPHM	EEVblog	470	needs-whisper	EEVblog #519 - Ardusat Arduino Based CubeSat Satellite
ehXw1Amj40E	EEVblog	1941	needs-whisper	EEVblog #513 - Mailbag
PRf9JTg3QwA	EEVblog	565	needs-whisper	EEVblog #508 - Can You Test Battery Charge By Dropping It?
DsNGOExKdN4	EEVblog	1655	needs-whisper	EEVblog #494 - Mailbag
NrpFLN7fTqg	EEVblog	1022	needs-whisper	EEVblog #493 - DIY Video Camera Dolly For Workbenches
VGENVguQQmo	EEVblog	1868	needs-whisper	EEVblog #484 - Home Solar Power System Installation
eRDhQoAmD-k	EEVblog	2453	needs-whisper	EEVblog #481 - Mailbag
CCzNRI1jF8I	EEVblog	521	needs-whisper	EEVblog #467 - Walktime Rant - Crowd Funding Projects
UGIWKtOSQhA	EEVblog	1008	needs-whisper	EEVblog #463 - More Dumpster Diving
J6oFAwno8hc	EEVblog	3567	needs-whisper	EEVblog #462 - Video Editing PC Assembly
lCmo5y4DqvU	EEVblog	2292	needs-whisper	EEVblog #460 - Mailbag - Plasma Speaker
QVqKi3HEccY	EEVblog	1195	needs-whisper	EEVblog #458 - Industrial Computer
bfp0QnQujvs	EEVblog	835	needs-whisper	EEVblog #450 - Ebay Unboxing
liWWY5cSs4Q	EEVblog	208	needs-whisper	Microchip - Atmel Collaboration
DihpIvK1fdo	EEVblog	2443	needs-whisper	EEVblog #449 - Absopulse VFC500 Variable Frequency Converter Teardown
lxqDR2-DrnU	EEVblog	1584	needs-whisper	EEVblog #444 - Car Lane Guidance Camera Teardown
pLaWzMScD3U	EEVblog	1542	needs-whisper	EEVblog #443 - Mailbag
JnbnlWmxvrs	EEVblog	1250	needs-whisper	EEVblog #435 - 3D Rocker Teardown
ifQjQa0ZxCc	EEVblog	1602	needs-whisper	EEVBlog #425 - Mailbag
d7oMt03Z4qk	EEVblog	1200	needs-whisper	EEVblog #418 - Mailbag Apple Newton Teardown
CBjoWMA5d84	EEVblog	2596	needs-whisper	EEVblog #395 - World's Most Expensive Hard Drive Teardown
asmQzCvs8F4	EEVblog	1177	needs-whisper	EEVblog #394 - EEVblog Online Tour
iUBb4S8LoO0	EEVblog	1499	needs-whisper	EEVblog #384 - Agilent 4000X Oscilloscope Teardown
WhAWwomKRaE	EEVblog	2546	needs-whisper	EEVBlog #383 - Agilent 4000X Oscilloscope Review
iWOToL0KIe0	EEVblog	1659	needs-whisper	EEVblog #380 - Sony CCD Sensor Teardown
MwvjAtSr5t8	EEVblog	933	no-captions	EEVBlog #379 - Yamaha RX-V557 Receiver Fix
VVMHXO0-VGY	EEVblog	2365	needs-whisper	EEVblog #377 - Mailbag Monday
G1xbJ9NOgD0	EEVblog	1622	needs-whisper	EEVblog #371 - Universal Programmer Teardown
8tNarm-lqr8	EEVblog	7698	needs-whisper	EEVblog #367 - Live Show 8th Oct 2012
AwO1btddJkU	EEVblog	1147	needs-whisper	EEVblog #364 - LED Ceiling Panel Lighting Install
8fQiQF9-hBE	EEVblog	2664	needs-whisper	EEVblog #358 - Electronex 2012
DHGWxSzZ2Ug	EEVblog	984	needs-whisper	EEVblog #357 - USB Supply Power-up Testing
WnMFfEoNW6A	EEVblog	1095	needs-whisper	EEVblog #356 - Makerbot Replicator 2 Announcement
KYCiksNEhNI	EEVblog	857	needs-whisper	EEVblog #351 - Silicon Chip Magazine - Electronex 2012
MDoTFWbEAkI	EEVblog	359	needs-whisper	EEVblog #350 - Sagan Tours Electronex 2012
-VaAplMihrg	EEVblog	3675	needs-whisper	EEVblog #349 - SMCBA Lecture IPC-2581 Open Standards for PCB Design Data
IWOiFnLKqzI	EEVblog	963	needs-whisper	EEVblog #348 - Electronex 2012 - Behind the Scenes
WgbAESoFDAY	EEVblog	1204	needs-whisper	EEVblog #342 - Agilent 90000 Oscilloscope Teardown
MAnHiVAVg0I	EEVblog	2713	needs-whisper	EEVblog #341 - Mailbag
cadAK8UGvvI	EEVblog	730	needs-whisper	EEVblog #338 - DIY Electric Bike
Cj0FqRYmWJU	EEVblog	1495	needs-whisper	EEVblog #337 - HSC School Electronics Projects
1y8B2N4PWps	EEVblog	1322	needs-whisper	EEVblog #336 - Drive Time Rant
Zao8upe4phs	EEVblog	979	needs-whisper	EEVblog #335 - Carbon Printed Resistors
NOUaoLjrNPo	EEVblog	469	needs-whisper	EEVblog #333 - Unwritten Rules of Open Source Hardware
myqytW9ecww	EEVblog	955	needs-whisper	EEVblog #329 - Tracking Pre-Regulator LTspice Simulation Part 2
ZVJ5uuvAlSo	EEVblog	2427	needs-whisper	EEVblog #324 - DC-DC Converter Testing - USB Supply Part 4
edBhcoz0vWA	EEVblog	2580	needs-whisper	EEVblog #322 - Google Nexus 7 Tablet Review
5ai9PLpbGIE	EEVblog	1249	needs-whisper	EEVblog #320 - Mailbag Monday
cScVqD6eIaU	EEVblog	553	needs-whisper	EEVblog #319 - Lead Free PCB Tinning
fTuL_nKSKFg	EEVblog	3168	needs-whisper	EEVblog #318 - Makerbot Replicator 3D Printer Unboxing & Review
IPT7YvA6KZg	EEVblog	500	needs-whisper	EEVblog #312 - Photocopier Teardown Follow-up
JpjwHvQSkuU	EEVblog	1282	needs-whisper	EEVblog #309 - Mailbag
K_-j5g16MBs	EEVblog	119	needs-whisper	EEVblog #305 - Photocopier Time Lapse Teardown
ahq7GFScc2s	EEVblog	1385	needs-whisper	EEVblog #304 - Mailbag
gLfgy7a44_c	EEVblog	364	needs-whisper	EEVblog #302 - Electronics Beginner Advice
jBuVHJ8NaYM	EEVblog	10524	needs-whisper	EEVblog #300 - Live Show
gHZ7wZYbuiI	EEVblog	848	needs-whisper	EEVblog #299 - Retro Phone Camera Teardown
ihbRneD2WtU	EEVblog	1212	needs-whisper	EEVblog #294 - Mailbag
G-VxMiaO3lA	EEVblog	633	needs-whisper	EEVblog #292 - Johnny B. Goode
dlsPf52MT4c	EEVblog	1685	needs-whisper	EEVblog #290 - Mailbag
SAQzJTmfM_s	EEVblog	1409	needs-whisper	EEVblog #289-2 - Handifax 1000 video - Part 2
G8huCO1WEQM	EEVblog	724	needs-whisper	EEVblog #289-1 - VCR Teardown & Handifax Followup
a1KhH2sMV-c	EEVblog	326	needs-whisper	EEVblog #288 - Transit Of Venus 2012
QxWRT4U_I9o	EEVblog	364	needs-whisper	EEVblog #285 - USB Lab Supply - Part 1
52tafTy2q_Q	EEVblog	711	needs-whisper	EEVblog #280-3 - Talking Electronics - FM Bug Kits - Part 3 of 5
kXWRLNq8OCU	EEVblog	2269	needs-whisper	EEVblog #280-1 - Talking Electronics - History - Part 1 of 5
LcJZ_8Nn5OQ	EEVblog	1681	needs-whisper	EEVblog #275 - PIR Sensor Teardown & Tutorial
omtmtJelm9M	EEVblog	845	needs-whisper	EEVblog #274 - Makerbot Tweaking & First Print
MBQn6xpto6M	EEVblog	574	needs-whisper	EEVblog #273 - Power Factor Correction with the MC34262
lhsgJnrkQYc	EEVblog	137	no-captions	New EEVblog Lab Time Lapse Build
-q21AfxS1LY	EEVblog	527	needs-whisper	EEVblog #270 - µCurrent Test Jig
AWlRGLxm7nc	EEVblog	1102	needs-whisper	EEVblog #267 - Voltage Detection Stick Teardown
1q2rnKExMiY	EEVblog	382	needs-whisper	EEVBlog #263 - Extech LP100 Laser Test Probes
K0Kczs2fVVk	EEVblog	124	no-captions	Sagan Says
bg0sEjD7R6M	EEVblog	3784	needs-whisper	EEVblog #254 - KiCAD PCB First Impressions
euRtS_lnBAI	EEVblog	999	needs-whisper	EEVblog #241 - Circuit Labs PCBs from New Zealand
EkFnIxgByC4	EEVblog	2007	needs-whisper	EEVblog #237 - Makerbot Thing-O-Matic Unboxing
F2Ch4RmlHuE	EEVblog	367	needs-whisper	EEVblog #231 - 2011
f-K5WFaStwg	EEVblog	1524	needs-whisper	EEVblog #227 - Light Scythe
2vCFUynNFDg	EEVblog	1903	needs-whisper	EEVblog #226 - Kindle Touch Review
VtsE6xbwHcQ	EEVblog	221	needs-whisper	EEVblog #223 - Agilent Oscilloscope High Res Mode
ip9az2c3-F8	EEVblog	2430	needs-whisper	Amazon Kindle Fire Tablet Review & Unboxing - EEVblog #220
ysv4SNLwM20	EEVblog	1703	needs-whisper	EEVblog #218 - Manly Warringah HAM Radio Society
kSmiDzbVt_U	EEVblog	2080	needs-whisper	EEVblog #216 - Gaussian Resistor Redux
drO0d9PjShY	EEVblog	429	needs-whisper	EEVblog #213 - New EEVblog Lab Tour
eLuf5-h-cc0	EEVblog	23	needs-whisper	Coolest Rigol DS1052E Firmware Ever!
AKavGCXyRZs	EEVblog	681	needs-whisper	Rohde & Schwarz / Hameg Oscilloscopes - EEVblog #207 (3 of 3)
jufVodki4Y8	EEVblog	592	needs-whisper	CleverScope USB Oscilloscope - EEVblog #207 (2 of 3)
nAnqNZMHNQk	EEVblog	1598	needs-whisper	Electronex Expo 2011 - EEVblog #207 (1 of 3)
hNoGz43xHUg	EEVblog	282	needs-whisper	Electronics Doco Update with Karl von Moller
dJwn4KVF6wQ	EEVblog	509	needs-whisper	Makerbot Venture Capital Funding - EEVblog #198
WpvkY4k7dII	EEVblog	550	needs-whisper	Lab Bench Build - EEVblog #194
UFvcLSQHODw	EEVblog	6703	needs-whisper	EEVblog #190 - Live Show #9
hXWKOoy20Rs	EEVblog	2551	needs-whisper	iRiver Story HD Google Ebook Reader Review - EEVblog #188
NA-MA3PJpKw	EEVblog	1058	needs-whisper	EEVblog #184 - Open Hardware Multimeter Concept
dzrtEYmuQJQ	EEVblog	293	needs-whisper	EEVblog #175 - Project Sagan
DdWle_gnjF4	EEVblog	1542	needs-whisper	EEVblog #174 - Renesas RX Design Contest Winners
JQLDIrS8deU	EEVblog	881	needs-whisper	EEVblog #172 - DIY Acoustic Sound Panels
EGklBtcRsVM	EEVblog	999	no-captions	EEVblog #169 - Samson StudioDock 4i USB Monitor Speaker Review
ZL1Jta1j42c	EEVblog	99	needs-whisper	EEVblog #165 - Problem Solved
Xjlxj0HDcw4	EEVblog	400	needs-whisper	EEVblog #164 - Agilent Fly To The Moon
jSZbkR9vNzI	EEVblog	667	needs-whisper	EEVblog #163 - Solder Paste Porn
YwxtiP-re_o	EEVblog	592	needs-whisper	State of Electronics - Roll Call
mtBTXY5DNrs	EEVblog	188	needs-whisper	EEVblog #161 - 555 April Fools Revealed
CqDUjskHIXc	EEVblog	1041	needs-whisper	EEVblog #155 - ITead Studio PCB Prototype Goof
BCrWuuxQv1c	EEVblog	7087	needs-whisper	EEVblog #154 - Live Show #8
OxlCoKN4W7c	EEVblog	544	needs-whisper	EEVblog #153 - YouScope Demo on a Digital Scope
Mh66wqwuZww	EEVblog	288	needs-whisper	EEVblog #152 - Jurassic Spider
pRL0Wy2-gXk	EEVblog	114	needs-whisper	EEVblog #150 - Agilent Easter Egg
-mFaVUonHKo	EEVblog	199	needs-whisper	EEVblog #146 - Digikey Postage FAIL
hy1TYKetIpM	EEVblog	743	needs-whisper	EEVblog #145 - Agilent LAN/VGA Module Teardown
fGxusFBMDR0	EEVblog	1055	needs-whisper	EEVblog #144 - Agilent 2000 X Series Infiniivision Oscilloscope Teardown
S62G0F4B1q0	EEVblog	3708	needs-whisper	EEVblog #143 - Agilent 2000 X Series Infiniivision Oscilloscope Review
0ly9L4ZaUyg	EEVblog	146	needs-whisper	Top Geek?
daxit0dupF0	EEVblog	705	needs-whisper	EEVblog #138 - Top 5 Tips for Graduate Engineers
9YOlvW1ZFfk	EEVblog	308	needs-whisper	EEVblog #136 - Building an Electronics Storage Cupboard
MBEkP_zKKcg	EEVblog	173	needs-whisper	EEVblog #132 - Delusional Dyson Marketing
85H1Y9T4-qU	EEVblog	6753	needs-whisper	EEVblog #131 - Live Show #7
fk8GCKO5mw4	EEVblog	1251	needs-whisper	EEVblog #130 - The µCalc Credit Card Scientific Calculator / Computer
F4eoHqZ5s4U	EEVblog	412	needs-whisper	EEVblog #128 - UEI Multimeter Contest Draw
YYsKnk_cLFM	EEVblog	237	needs-whisper	EEVblog #126 - The Free Sample Fallacy
6-OLazTJhP0	EEVblog	3589	needs-whisper	EEVblog #125 - Soup to Nuts with Free Software
XesfMfS5usY	EEVblog	919	needs-whisper	EEVblog #124 - A Tour of Apex Electronics
monjMGwDAcE	EEVblog	510	needs-whisper	EEVblog #123 - Top 5 Tips for Semiconductor Manufacturers
c_ZhkT2E7Fw	EEVblog	717	needs-whisper	EEVblog #122 - Renesas RX Design Contest Announcement
WI4xIJFl6to	EEVblog	688	needs-whisper	EEVblog #120 - Renesas Devcon Day 4
_gzOaHXmlFI	EEVblog	1234	needs-whisper	EEVblog #119 - Renesas Devcon Day 3
AwFeBfGoEXI	EEVblog	5676	needs-whisper	EEVblog #113 - Live Show #6
1urLVq0OLgY	EEVblog	89	needs-whisper	How to Entertain a Geek - Sanitised Version
ZjeqsSZw0s4	EEVblog	5012	needs-whisper	EEVblog #111 - Live Show #5
VYtuk98vuMg	EEVblog	1865	needs-whisper	Amazon Kindle 3 3G GSM/WiFi Review - EEVblog #108
wse5Kyr9ffE	EEVblog	5108	needs-whisper	EEVblog #107 - Live Show #4
09y3VyCb0aM	EEVblog	3493	needs-whisper	EEVblog #104 - Live Show #3
AI0Q6-h3EGU	EEVblog	1359	needs-whisper	EEVblog #101 - Hacking your own Peltier LAB Thermal Chamber
U460PkQnwZA	EEVblog	4349	needs-whisper	EEVblog #97 - Live Show #2
XZJo3a3yJ_0	EEVblog	996	needs-whisper	EEVblog #96 - The TI LaunchPad MSP430 Development Board
6JYG49zgEio	EEVblog	356	needs-whisper	EEVblog #93 - PCB Autorouters Suck
YuuYanGwg7k	EEVblog	609	needs-whisper	EEVblog #92 - Get your MIT Engineering Degree for FREE
vNlhtlKpntY	EEVblog	136	needs-whisper	Product Design FAIL - IDEAL Multimeter - Redux
eZNwQhXwZjk	EEVblog	59	needs-whisper	Product Design FAIL - IDEAL Multimeter
kgTiiPFFdvY	EEVblog	3781	needs-whisper	EEVblog #89 - EEVblog Live Screwup
ZvoB3Zg1H4g	EEVblog	554	needs-whisper	EEVblog #88 - There's More To Electronics Than Just Circuit Design
9iDRynyBl0c	EEVblog	560	needs-whisper	Proof that Telstra Bigpond is Throttling Youtube Bandwidth in Australia?
KmiuZroNCHg	EEVblog	829	needs-whisper	EEVblog #83 - Do You Suck At Hardware Or Software?
dMUcGDqA4D0	EEVblog	568	needs-whisper	EEVblog #82 - 10th Anniversary of GPS & Geocaching thanks to Bill Clinton
IuwcNorI6ek	EEVblog	832	needs-whisper	EEVblog #79 - Peak Oil Crisis & Career Options
8yFHG-ZJIzo	EEVblog	569	needs-whisper	EEVblog #76 - Publish And Be Damned!
dwK7ANJh4eU	EEVblog	1155	needs-whisper	EEVblog #74 - Video Blogging Tools
NF0QbuoLsHw	EEVblog	638	needs-whisper	EEVblog #73 - How to screw up your winning product
mBvUJ19NBos	EEVblog	841	needs-whisper	EEVblog #71 - Happy Birthday to Us!
c_85ZD38Lh0	EEVblog	769	needs-whisper	EEVblog #69 - Sex Toys, Telescopes, Cable TV, UHF Modulation, Renewable Energy, & Silly Shower Taps
l2vvsexdguQ	EEVblog	1485	needs-whisper	EEVblog #67 - Hacking the Princeton Tec EOS LED Headlamp with a Cree XPG
Tto3_XSi5Jk	EEVblog	471	needs-whisper	EEVblog #65 - Umm, I Design Computers
aJb_cjDuPY4	EEVblog	422	needs-whisper	EEVblog #59 - Back to the Future Flux Capacitor T-Shirt Tanty
vyx6kAdHzhg	EEVblog	766	needs-whisper	EEVblog #57 - Agilent Thumbs Up Furore
P8s3Xjeg0sk	EEVblog	673	needs-whisper	EEVblog #55 - RCA Airnergy WiFi Charging Free Energy Harvesting Marketing BS
Ejd5DCvqbpc	EEVblog	542	needs-whisper	The Australian Mandatory Internet Filter Folly (abridged edition)
8iiatoU4yd4	EEVblog	378	needs-whisper	EEVblog #53 - Mr Murphy and Microchip PIC Silicon Bugs
GkVRX3h_A30	EEVblog	1261	needs-whisper	EEVblog #50 - Solid State Cree LED Lighting, and How Thermal Design Sucks.
bdcLvrDdGTA	EEVblog	684	needs-whisper	EEVblog #48 - Solar Power Hope
sRe7rf98roI	EEVblog	504	needs-whisper	EEVblog #15 Part 2 of 2 - Fluke 189/289 multimeter review
nfnDVuTkkiE	EEVblog	571	needs-whisper	EEVblog #15 Part 1 of 2 - Fluke 189/289 multimeter review
SrjTxxm8mAo	EEVblog	370	needs-whisper	EEVblog #47 - Recruitment Consultants Suck, and Engineering Evil
91iX5sUXrOo	EEVblog	587	needs-whisper	EEVblog #41 - Pigs fly at Microchip in HD
-mavHYV-H6o	EEVblog	288	needs-whisper	EEVblog #38 2of2 - Seismic Survey Boats & Relay Matrix Insulation Resistance Measurement
OsAr35FyWnA	EEVblog	454	needs-whisper	EEVblog #36 - It's Hardware Puzzle Time!
av5NQ_3mW9A	EEVblog	599	needs-whisper	EEVblog #32 - Tandy 1000 Retro Computer time!
tF2krfxYc68	EEVblog	600	needs-whisper	EEVblog #30 - Jaycar Bench Lab Power Supply Review
_VKX8AtlHac	EEVblog	598	needs-whisper	EEVblog #22 - On Blogs and Video Blogging
4pwI2NebT90	EEVblog	599	needs-whisper	EEVblog #21 - The Unusual Oscilloscope Phenomenon - Part 3
weJ4JdFat8o	EEVblog	464	needs-whisper	EEVblog #20 - The Unusual Oscilloscope Phenomenon Part 2
da-YY2OWjJQ	EEVblog	599	needs-whisper	EEVblog #18 - The Garmin Yellow Etrex GPS
_pGk6GYDnes	EEVblog	564	needs-whisper	EEVblog #17 - I hope your next project DOESN'T work!
9A1j2RkwJOc	EEVblog	592	needs-whisper	EEVblog #12 Part 1 of 2 - Shanghai Special - PCB Assembly Factory Tour
RvYnt7HvoL0	EEVblog	249	needs-whisper	EEVblog #12 Part 2 of 2 - Shanghai Special - Dodgy USB Hubs
NCeSgpPWnsc	EEVblog	400	needs-whisper	EEVblog #11 Part 2 of 2 - More on DIY product design
B78348fr4Mc	EEVblog	559	needs-whisper	EEVblog #11 Part 1 of 2 - Talk about DIY product design
UeSYRg8GsJI	EEVblog	525	needs-whisper	EEVblog #8 Part 2 of 2 - Review of the BK Precision 1697 Programmable Lab Power Supply
bTDuOUipjhg	EEVblog	403	needs-whisper	EEVblog #8 Part 1 of 2 - Graphical LCD Displays & PIC Micro Demo Boards
NT9EbGhIFNM	EEVblog	593	needs-whisper	EEVblog #5 - Maxim product marketing, Function Generator Review
SXWHvHLbS5s	EEVblog2	78	no-captions	AERL Home Storage Battery Install Time-lapse
y5UpAL4yWxQ	EEVblog2	1492	no-captions	International Astronautical Congress  IAC 2025 - Birdseye Walkthrough
cziiWo6Uh5M	EEVblog2	641	needs-whisper	$5000 Uni-T UTG9504T 500MHz Function Generator Partial Review (The Lost Tapes)
sCPfEPSDh40	EEVblog2	526	needs-whisper	How Badly Can I Screw Up a Home Assistant Install?
LAbWsqS51Tk	EEVblog2	102	needs-whisper	When you REALLY don't want to pay for a Double Sided PCB
uDzj3xdqi7Y	EEVblog2	582	needs-whisper	JBL Wave Flex Earbuds REPAIR
puGooNKVE74	EEVblog2	246	needs-whisper	Hoymiles Solar Microinverter FAIL
GFlckdPzYQQ	EEVblog2	169	needs-whisper	Deye Solar Inverter Screen FAIL + Hoymiles Microinverter Input
PSdF0KNsiaY	EEVblog2	248	needs-whisper	BM786 Continuity Firmware Testing
EcdjlD2rbuw	EEVblog2	95	needs-whisper	HORRIFIC 4K Alkaline Battery Leakage :-(
DvFBnB2ws6c	EEVblog2	1383	needs-whisper	Getting ChatGPT AI to Code a Youtube Video Uploader - Part 1
BuFoA-qt1PY	EEVblog2	322	needs-whisper	Brymen BM2257 Intelligent Auto Power Off (iAPO) tested
b9K0YoPBGek	EEVblog2	435	needs-whisper	Why Isn't My Electricity Bill Zero with a Home Battery?
FMluev0WGTc	EEVblog2	307	needs-whisper	World's Quickest Repair
Cn3DVQGmF9A	EEVblog2	687	needs-whisper	Dyson Battery Failure
UHtdloKruzo	EEVblog2	10687	needs-whisper	EEVblog 1654 - Lee Felsenstein -
uOOGXORqsqQ	EEVblog2	977	needs-whisper	Trezor Safe 5 Bitcoin Crypo Hardware Wallet
5xXH99h0do0	EEVblog2	84	needs-whisper	Lee Felsenstein - The Osborne 1: Setting New Standards in Adequacy
FLB4Xvt9Szc	EEVblog2	1101	needs-whisper	Lee Felsenstein - The Apple 1 was NOT a Personal Computer
Af2jR1PqXh0	EEVblog2	127	needs-whisper	The VHS Videocassette Recorder was developed for Cold War Spy Drones!
S0h3dl20Ms0	EEVblog2	142	needs-whisper	Lee Felsenstein Talks About The First Ever Hackathons in the early 1970's!
9lIC3ZzIht4	EEVblog2	1207	needs-whisper	Junk box Digital Panel Meter Analysis CX101
msfucUFVnXY	EEVblog2	509	needs-whisper	eevREACTS - European Electrical Switchboard Wiring
7WbO1lnsLC8	EEVblog2	430	needs-whisper	Some Interesting Home Solar Data
ZBVyJaLAZDY	EEVblog2	1148	needs-whisper	Scanning Vintage Computer Service Manuals - Tandy 1100FD Laptop Computer
JsOMq35Z6L4	EEVblog2	85	needs-whisper	Home Electrical Switchboard Upgrade - Time Lapse 2
r4RCEMtHvgo	EEVblog2	171	needs-whisper	Home Electrical Switchboard Upgrade - Time Lapse 1
_GThm9RX_YM	EEVblog2	711	needs-whisper	Just soldering a DIP header onto a Raspberry Pi Compute Module
uC-q-FjXEsA	EEVblog2	217	needs-whisper	1980s EEVblog Pocket Multimeter Overload Testing
_E5fs8fiKE0	EEVblog2	116	needs-whisper	Rouute - Road Based Energy! How's it Going?
-6w-t-UZtmY	EEVblog2	177	needs-whisper	Charging Cable on 2020 IONIQ EV STUCK!
_wZBr67hUIg	EEVblog2	227	needs-whisper	Deye Inverter Emergency Power Outlet
_nzI6Ai_KIg	EEVblog2	414	needs-whisper	Dodgy Smart Meter - Part 2 Electric Boogaloo
ahoxDw0J2T8	EEVblog2	384	needs-whisper	Vintage Beckman Panaplex Planar Neon Display
lndRXed2ylk	EEVblog2	589	needs-whisper	AGL Energy Smart Meter DODGY?
iztOfT0CX1k	EEVblog2	312	needs-whisper	IMPRESSIVE Winter Solar Generation!
vDtxmikcYuc	EEVblog2	183	needs-whisper	Who Screwed With The Solar Analytics Code?
_hUrp6wZgbk	EEVblog2	177	needs-whisper	What's up with my Siglent Calibration?
kCtGoymiShU	EEVblog2	339	needs-whisper	Deye Hybrid Inverter Gen Port Troubleshooting
NEc7_QSMfq4	EEVblog2	441	needs-whisper	My Silverbrook Research Interview Story
VjydkHmKEY0	EEVblog2	301	needs-whisper	My Crazy Altium Employment Contract Story!
fM4bbKVw2og	EEVblog2	1681	needs-whisper	Uni-T 500MHz 4CH ARB Signal Generator Unboxing
vNKcRs3zDBI	EEVblog2	855	needs-whisper	We're Gonna Need a Bigger Solar Battery...
eldXifbNm2A	EEVblog2	1405	needs-whisper	Talk with Peter Watkinson from AERL about LFP Battery Storage
V9RFPfRnCbA	EEVblog2	35	needs-whisper	New Home Solar Installation Drone Shot
3xfeImx38MY	EEVblog2	157	needs-whisper	Solar Power Install FAIL #3 !
eHCzTC9lku8	EEVblog2	591	needs-whisper	The DOWNSIDE of my Home Solar Storage Battery
Uq553ckJ0uQ	EEVblog2	296	needs-whisper	MURPHY! - Reclaim Hot Water Heat Pump FAIL
sJS2paVW-kc	EEVblog2	1830	needs-whisper	Renewable Energy vs Fossil Fuels Presentation
5x8UVZnwyL8	EEVblog2	638	needs-whisper	New Enphase Solar Power System - 1st Day
oVkrc3gF7ns	EEVblog2	303	needs-whisper	Conducted Mode EMC Emissions Demo
7fyKsEK1RZk	EEVblog2	533	no-captions	Electronex 2024 Walkthrough - The Grubby Lens Edition
Jp-7D3YBIEA	EEVblog2	531	no-captions	Electronex 2024 Walkthrough
Y7t6BIhBZhc	EEVblog2	1265	needs-whisper	High Frequency Active FET Probing DEMONSTRATED
5mueaTsus8o	EEVblog2	172	needs-whisper	Wall Wash LED Strip Measurement - Part 2
CwHr7hcbtBo	EEVblog2	271	needs-whisper	Salute to the SMA Sunny Boy Solar Inverter
I-9dGvk3BW8	EEVblog2	485	needs-whisper	TP-Link AX6000 Router Teardown
taKKSSi0Td8	EEVblog2	784	needs-whisper	Synology NAS FAIL Adventure
u7sVGnrf0P0	EEVblog2	380	needs-whisper	JBL Charge 3 Repair - Part 2
JUl4BIB3wG0	EEVblog2	111	needs-whisper	Nissan Dualis ABS Modulator FAIL
CRowJp8FAFc	EEVblog2	777	needs-whisper	Dumpster CPU Upgrade on Shipping PC
Bc2Vy1hQGt4	EEVblog2	764	needs-whisper	Madimack i60 Pool Cleaning AI Robot: Timelapse Analysis
EH6bTCzLg3o	EEVblog2	1384	needs-whisper	TUM Hyperloop - A €3.5M Boondoggle
QxMmEAb2JME	EEVblog2	650	needs-whisper	Dungeon LED Light Upgrade
wnp3FnAGiyw	EEVblog2	418	needs-whisper	Portable Kinetic Molecular Heater SCAM!
QqlM-4wGkH0	EEVblog2	773	needs-whisper	Unexpected Dungeon Light Wiring
r7Cw3GVXl44	EEVblog2	447	needs-whisper	Open Source Tesla Roadster Firmware?
WWMXJLhPVdA	EEVblog2	487	needs-whisper	34,000 Hour Battery Life Fluke 37 Multimeter
Th71og-rLH8	EEVblog2	506	needs-whisper	Creality K1 Max Print SUCESSS
fRlugAWeWR4	EEVblog2	1133	needs-whisper	Creality K1 Max, Print Software, Remote View, Print & Capture FAIL
jFapDuowXKU	EEVblog2	2374	needs-whisper	Mailbag: Creality K1 Max 3D Printer: Unboxing + Setup + First Print
2QZ8GWwzXXY	EEVblog2	1188	needs-whisper	Tektronix Multimeter Repair-O-Thon
wO-z6Fx2ZRk	EEVblog2	708	needs-whisper	HANDS ON TEST: Bosch GSB 18V-21 Hammer Drill & GDR 18V-160 Impact Driver
UiSlVsvjDR0	EEVblog2	126	needs-whisper	Testo Clamp Meter FAIL?
xUAKjWMsUfA	EEVblog2	1532	needs-whisper	TWO BOXES of Mystery Multimeters!
k1C0qz8fR_U	EEVblog2	1869	needs-whisper	A Totally Pointless Video About Toggle Switches (Haefely ESD Tester)
EVRdTY4LNhg	EEVblog2	250	needs-whisper	Rigol DHO800 Disappearing Waveform BUG
IfC1V8uNzgM	EEVblog2	83	needs-whisper	Smeg vs Smeg
fX8IVQluYPc	EEVblog2	196	needs-whisper	Winner Winner Chicken Dinner - Smeg Oven Repair
I3FhAhxet7s	EEVblog2	206	needs-whisper	Rigol DHO800 Bug Testing
1ngqB4mxZOI	EEVblog2	832	needs-whisper	Smeg Oven Goes Clunkedy Clunk + Capacitor Go Poop
p5-p8Iu7E1c	EEVblog2	504	needs-whisper	Repairing a Brother Printer with the threat of violence
RO4BbJ_w9o0	EEVblog2	166	needs-whisper	Why Are ESD Bags Pink?
EWR4RQPzB6U	EEVblog2	190	needs-whisper	x1 Oscilloscope Probe SHOOTOUT - Rigol vs Siglent
C9pw5z6jI0U	EEVblog2	573	needs-whisper	RTX4060 AV1 vs H265 Davinci Resolve Rendering Test
m45YTXLWlXM	EEVblog2	427	needs-whisper	50 YEARS At The One Company
kvI7vlvzrQo	EEVblog2	380	needs-whisper	Dark Rock 2: CPU Fan Boogaloo
BLFxgOmeANI	EEVblog2	987	needs-whisper	Ryzen 9 Dark Rock Pro Heatsink FAIL & WIN
eSx8MeY6V48	EEVblog2	219	needs-whisper	CPU Thermal Ghost - Part 2
yKflC-fmSX8	EEVblog2	1140	needs-whisper	CPU Thermal Ghost
a4Xpsenpd6E	EEVblog2	4173	needs-whisper	The Amp Hour #643 - Calibration & Repair with Ian Johnston
3_CQKSC1JNE	EEVblog2	464	needs-whisper	Davinci Resolve Speed Editor TEARDOWN
WLcVcOgmzpE	EEVblog2	1299	needs-whisper	Blackmagic Davinci Resolve CPU vs GPU Rendering
c2O6KoDuCp0	EEVblog2	389	needs-whisper	Bobby Dazzler Wide Angle Projection Lens
zZP_uVDzNTM	EEVblog2	896	needs-whisper	Laugh as Dave Struggles with Keysight Benchvue
Rm1MPliVclw	EEVblog2	21	needs-whisper	XPen Drawboard FAIL
f7jPJek3XuQ	EEVblog2	1004	needs-whisper	New Rode Podmic USB Review
HyXMhto615c	EEVblog2	317	needs-whisper	Whatever Happened To The µCurrent?
krPyllm9xbQ	EEVblog2	403	needs-whisper	It's Friday, and it's not going well. Rohde & Schwarz MXO4
RasOXxxEhCk	EEVblog2	1012	needs-whisper	Jackery Battery Bank FAIL Investigation - Part 1
vXSQSu3JYSg	EEVblog2	1241	needs-whisper	Mailbag - Daxys Bandicoot Electric Scooter
NFVEtIHGedg	EEVblog2	494	needs-whisper	Descript AI Voice Cloning - DaveClone vs RealDave
hZnlDIvdabQ	EEVblog2	140	needs-whisper	Eleven Labs Voice AI DaveClone vs RealDave
I4tHtPwYQ_o	EEVblog2	595	needs-whisper	DaveClone - Testing Eleven Labs AI Voice Cloning
p8T4Dtc6OKk	EEVblog2	295	needs-whisper	The CRUSTIEST bit of electronics EVER!
KKEYAdXEW-M	EEVblog2	2604	needs-whisper	Dick Smith Kits
WdJevprFKbI	EEVblog2	524	needs-whisper	Chat GPT Bans 2CH Oscilloscopes!
717ampROkvc	EEVblog2	120	needs-whisper	PRO TIP: Using a 6.5 Digit Multimeter for finding Shorts
-bPGrSSaXhE	EEVblog2	197	needs-whisper	Goldshell LBC LBRY ASIC Miner Teardown & Troubleshooting
R7HWU8ZeLaU	EEVblog2	45	needs-whisper	Lab DANGERS!
5HikvxaQ_Z8	EEVblog2	502	needs-whisper	Heat Pump Hot Water Standby Energy Usage
HAX0OwdK_44	EEVblog2	376	needs-whisper	Electricians Bag with Chris
7MGItCD8oBE	EEVblog2	666	needs-whisper	Dungeon Ethernet Install!
gTTsvYbQOT4	EEVblog2	769	needs-whisper	Olight RN1500 Bicycle Bike Light REVIEW + TEST
oQ28QLSWkaY	EEVblog2	119	needs-whisper	#Sydney Dumpster FIRE!
5WxyCvXBoSY	EEVblog2	597	needs-whisper	LitePlacer Pick & Place Machine - Should I build it?
na6F0K7lpjY	EEVblog2	504	needs-whisper	Billy - The Unsung Hero of the NASA Artemis 1 Launch!
JSahPkUjDYA	EEVblog2	470	needs-whisper	Sydney Power FAIL!
gsfDx7B9sks	EEVblog2	683	needs-whisper	Bluetooth Enabling a Security Safe!
F0HQJIPcDYs	EEVblog2	69	needs-whisper	Oscilloscope Anti Alias?
bzNlv7k3CDU	EEVblog2	1992	needs-whisper	Huxley Teaches Dave Microbit Coding
454D6aisiAE	EEVblog2	462	needs-whisper	Why Don't I Hire A Video Editor? (AGAIN)
dv0B_WqL7w4	EEVblog2	2491	needs-whisper	UniT 210E Current Clamp Teardown + Brymen Comparison
nkLQ-Co_cXI	EEVblog2	441	needs-whisper	Jaycar Scope Winner
dlOtqDPCO1o	EEVblog2	303	needs-whisper	Solar Pergola Upgrade
2_7ixfLcuLU	EEVblog2	625	needs-whisper	The $5 Hantek Scope Is ALIVE! - Kinda...
-g2TBVE3sAM	EEVblog2	711	needs-whisper	Visiting My First Job
GJnRRpLX1lA	EEVblog2	94	needs-whisper	Canberra Deep Space Tracking Dish DSS43 at Full Tilt
MecbPOPeovs	EEVblog2	647	needs-whisper	Whatever Happened to the uSupply Project?
s2KkgI-kyK0	EEVblog2	1535	needs-whisper	The Signal Path Lab
4Up3dshwg8Q	EEVblog2	1773	needs-whisper	Behind The Scenes: How I Make Whiteboard Tutorial Youtube Videos
ixbLmBWUqcQ	EEVblog2	773	needs-whisper	Popular Mechanics Promotes Batteriser 2.0!
XAbeXAFpyh0	EEVblog2	1369	needs-whisper	Here's How I SCREWED UP a Live Interview
HzXuF4m269A	EEVblog2	775	needs-whisper	JWST - James Webb Space Telescope FIRST IMAGE - Reaction
5_AJlEMGe80	EEVblog2	35	needs-whisper	SECRET Feature of the EEVblog LAB Bench!
cgCFNi8CekE	EEVblog2	1585	needs-whisper	Dave's Dodgy Optometry Service - AUCTION SCORE!
Jdl_FFYjZjo	EEVblog2	1195	needs-whisper	Brickman LEGO Jurrasic Park Dinosaur Exhibition + Australian Birds
bEcyOENGfso	EEVblog2	627	needs-whisper	"Life Advice - Don't Easily Dismiss or ""Lose Respect"" for People"
Ucb9MXzlIBc	EEVblog2	1782	needs-whisper	2022 True Grit Obstacle Race - Sydney
8Oragx4JJrE	EEVblog2	874	needs-whisper	Memories of Sydney Electronics Stores & Work Experience at Tandy
TL4bLqcikbI	EEVblog2	256	needs-whisper	2020 Hyundai IONIQ Electric Car Energy Efficiency
QkFioBbH5aM	EEVblog2	872	needs-whisper	Aptera Solar Powered Electric Car - Is It Practical?
3RMC2AcbA5o	EEVblog2	2138	needs-whisper	EEVblog 1480 EXTENDED VERSION - LightYear Zero + Aptera Solar EV
U8HszJ-cm3o	EEVblog2	1316	needs-whisper	DECODED: Australian Signals Directorate Exhibition Tour
wy32D3lsxxk	EEVblog2	581	needs-whisper	A Tour of TechTrader - Industrial Scientific Surplus Equipment Supplier
MCyLO-1grEk	EEVblog2	3250	needs-whisper	WiGL Wireless Power BUSTED AGAIN!
zHpsA1RtQhw	EEVblog2	247	needs-whisper	"How To Get 5 Different ""Colours"" On A PCB"
zc7wmT72C-w	EEVblog2	673	needs-whisper	Insteon Smart Home IoT Goes BUST
JSnWzsnUDY4	EEVblog2	786	needs-whisper	What if there was no Internet? (with Fran Blanche)
wuFqB9ZeqKI	EEVblog2	4392	needs-whisper	Fran & Dave - The Amp Hour
c0fBJ3K5K0s	EEVblog2	834	needs-whisper	Elon Musk's Hostile Takeover of Twitter!
rVbKXoKAJ3w	EEVblog2	353	needs-whisper	Electronex 2022 Brief Walkthrough
JJsKYNh2H0A	EEVblog2	504	needs-whisper	The Tagarno is Looking DODGY (ATEM Flicker Fault)
WDfzwCXK0mI	EEVblog2	1152	needs-whisper	WEIRD Blackmagic ATEM Mini Fault
un8onPh5STA	EEVblog2	255	needs-whisper	Saleae Logic Feature Request
31gkF0q9VfE	EEVblog2	430	needs-whisper	Zappi EV Charger & Cable Thermal Imaging
lBycH31K-E8	EEVblog2	560	needs-whisper	Veritasium Electricity Video - Simulation Notes
ItoRt1buLkM	EEVblog2	274	needs-whisper	"Initial reaction to the Veritasium video ""The Big Misconception About Electricity"""
wWymcaiaQXM	EEVblog2	395	needs-whisper	What happened to my Rohde & Schwarz HMO1202?
EYx46kRv2Bw	EEVblog2	852	needs-whisper	Myenergi Zappi 7kW EV Charger Installation & Testing
DWqX1z0_HUk	EEVblog2	818	needs-whisper	Ghostbusters Afterlife Final Trailer - Reaction
x5Yslag6Mxk	EEVblog2	841	needs-whisper	Flux AI PCB Design and the Errors Startups Make
NoIjTK249D0	EEVblog2	298	needs-whisper	How a SMALL SHADOW can drop Solar Power Output by 20%!
I3-4Ma61-0A	EEVblog2	178	needs-whisper	LED Light Fluoro Replacement Bodge
9viKKRFhQog	EEVblog2	1511	needs-whisper	OLD VIDEO: EXCLUSIVE: Scope Assembly & Lab Move Update
5IV_oRAupeo	EEVblog2	249	needs-whisper	Hyundai IONIQ EV Zero Brake Wear After 12 Months!
cBNOxg8Px8M	EEVblog2	371	needs-whisper	Playing with short current pulses on multimeters
rBN2zNpO-lM	EEVblog2	50	needs-whisper	I'm getting ARRESTED for importing ILLEGAL components!
74-KI3DLdc4	EEVblog2	119	needs-whisper	My First Paid Electronics Gig
Y0SNOsQOBYk	EEVblog2	676	needs-whisper	Right to Repair - Random Answers
0Oo2J66FLZA	EEVblog2	520	needs-whisper	BM786 Firmware Update Test
Z5ASfoqA7os	EEVblog2	282	needs-whisper	Bunker 2 Internet Inspection
vIcd0CoQPP0	EEVblog2	3208	needs-whisper	2021 Australia Right to Repair Summit - Session 4 of 4
JWBBv5IOrWE	EEVblog2	2563	needs-whisper	2021 Australia Right to Repair Summit - Session 3 of 4
qDWLTSfrq_E	EEVblog2	5631	needs-whisper	2021 Australia Right to Repair Summit - Session 2 of 4
k4zrmTsZj_s	EEVblog2	3369	needs-whisper	Australia Right to Repair Summit - Session 1 of 4
b1wshlHie3c	EEVblog2	1296	needs-whisper	Right to Repair - Shane Rattenbury ACT Minister for Consumer Affairs
KQTt-7F3MYw	EEVblog2	779	needs-whisper	Focusrite Scarlett Solo Issues
_o-gnugXqCs	EEVblog2	63	needs-whisper	Amazon iPhone Phone SCAM
_I8nEkuy1Js	EEVblog2	342	needs-whisper	WD Red NAS Thermal Measurements
TE3il-V6XCE	EEVblog2	348	needs-whisper	This is NOT a repair video
XsR_5-FJ05M	EEVblog2	278	needs-whisper	Synology NAS Western Digital RED Hard Drive FAIL
3MtK035qiT4	EEVblog2	346	needs-whisper	Calculating the Energy in a Capacitor
H-yOP-KSMC4	EEVblog2	123	needs-whisper	4K AA Alkaline Battery Leakage
XUyjRm1Upjs	EEVblog2	117	needs-whisper	That moment you realise the Schematic & PCB don't match
7nUgmEuyKIU	EEVblog2	1106	needs-whisper	Hyundai IONIQ Regen Braking vs Coasting Test
kaotpjBYsTA	EEVblog2	64	needs-whisper	Fran Rock
kSvB7hV0XU8	EEVblog2	5508	needs-whisper	Space Time Continuum with Fran Blanche
eObKgauxxNs	EEVblog2	534	needs-whisper	Keysight - Electro Turbo Encabulator FIRST LOOK
eOAAHcR0YY0	EEVblog2	583	needs-whisper	BlackMagic ATEM Mini Pro Audio/Video Delay Measurement
IoRks5bJw8Y	EEVblog2	1766	needs-whisper	Brymen BM786 Switch Fault Investigation
OZb-mB3X-30	EEVblog2	273	needs-whisper	Abandon Lab! - IBM TCM Part 2
2G7Z9IIQoIs	EEVblog2	1021	needs-whisper	IBM BGA Thermal Futility...
bgJUoU-fNcM	EEVblog2	793	needs-whisper	Dumpster Plugpacky Thingo Teardown will SURPRISE YOU!
LFxDdFh4XI0	EEVblog2	725	needs-whisper	Why are these Acoustic Panels on the ceiling? The answer may SURPRISE you!
Yky9yQwZALM	EEVblog2	1302	needs-whisper	Shift Cryptosecurity BitBox02 Crypto Hardware Wallet
zW_Po9XNSxk	EEVblog2	329	needs-whisper	Using the Evie EV Charging Network
XD5Emhqd5Ks	EEVblog2	574	needs-whisper	Aircon Wiring Install FAIL- TWICE!
XzmuKIYZkNo	EEVblog2	1152	needs-whisper	Zencaster Video Beta Test with Chris Gammell
AWYuyf3ILLk	EEVblog2	1157	needs-whisper	World's Largest Solar Array - HVDC Transmission Calculations...
rpGRqlI_VkQ	EEVblog2	353	needs-whisper	Energizer Battery Leakage Followup
wq0Y-yoCHhI	EEVblog2	464	needs-whisper	TEST #2: Constant Qp Test - Using Qp
jYJz1QlPagM	EEVblog2	464	needs-whisper	TEST: Constant Qp Test - Using VBR
Kw3ZiQY2nKM	EEVblog2	191	needs-whisper	Platio Solar Pavement is BULLSHIT
DRq8p5FT3hU	EEVblog2	302	needs-whisper	Sony ZV1 Camera Internal Microphone Audio Testing
vSq9Acgo418	EEVblog2	562	needs-whisper	Sony ZV1 Camera - First Impressions
eAN-pS32CTs	EEVblog2	655	needs-whisper	IONIQ EV Fast Charging
DqurmxiW4mM	EEVblog2	206	needs-whisper	Sony Catalyst Image Stabilisation 4K Test
c167h_7feyM	EEVblog2	808	needs-whisper	Sony's Catalyst Image Stabilisation Software is AMAZING!
dKOmNkVLUAA	EEVblog2	543	needs-whisper	Home Solar Upgrade Power Consumption
vlKQ3TzGrX8	EEVblog2	456	needs-whisper	Home Solar Upgrade Options
esJN76rykfQ	EEVblog2	969	needs-whisper	"Dumpster Diving 27"" iMac Upgrade"
MarjYxiudYE	EEVblog2	1182	needs-whisper	GVDA GD118B Pocket Multimeter Review
p287qKMXqxQ	EEVblog2	1892	needs-whisper	"Lenovo Legion 5i 17"" Ryzen 7 RTX2060 Laptop"
EJ6KCpHc--4	EEVblog2	396	needs-whisper	Strange Brymen BM869 Resistance Quirk
Uk5F3rQNUkU	EEVblog2	4811	needs-whisper	ESD Explained & Demonstrated + History of the Pink Polyethylene ESD Bag
ILoqz5vDCPo	EEVblog2	564	needs-whisper	Bathurst 1000 Track at Mount Panorama in a Hyundai IONIQ Electric
aQ2AVLs8_7k	EEVblog2	2191	needs-whisper	CB2 Microcomputer Kit Assembly & Soldering
0KX5F7Si-TY	EEVblog2	197	needs-whisper	Does Cleaning Solar Panels Make a Difference?
9XkGxc94IUw	EEVblog2	486	needs-whisper	IONIQ Electric EV - First Fast Charge
OaQdWE9kgMk	EEVblog2	51	needs-whisper	BGA Desoldering MAGIC: Louis Rossmann, eat your heart out!
KqURFUcl5NI	EEVblog2	41	needs-whisper	Easily Confused Tesla Autopilot!
18OhbyQslF0	EEVblog2	293	needs-whisper	2 Minute Dumpster Repair
Iqv6DhtLay4	EEVblog2	1566	needs-whisper	HP Origins - Hewlett Packard Documentary
XzuH8sECMJQ	EEVblog2	1189	needs-whisper	Self Sustaining Mars Colonies
nkOQ8xW-8Ws	EEVblog2	150	needs-whisper	That's not a ZIF socket, THIS is a ZIF socket!
CXk_Orwk084	EEVblog2	165	needs-whisper	MIND BLOWN: Quantum Computing & Financial Arbitrage
Pq8ncblgqss	EEVblog2	250	needs-whisper	Dumpster Intel Atom Embedded PC update
78JC_p9DiJM	EEVblog2	1251	needs-whisper	5G & Whacky Alternative Physics
9VVTGE7ABIk	EEVblog2	722	needs-whisper	Mystery Dumpster Teardown - 2020-05-30
3zAWgNjx5Ew	EEVblog2	289	needs-whisper	Intel MCS-85 Design Kit THERMAL IMAGING
uuLwmQ7oLo8	EEVblog2	107	needs-whisper	Solar Power System Monitor ALERT!
0H08GNLMDFM	EEVblog2	256	needs-whisper	War Games Hack!
27aG9xhfk6s	EEVblog2	2674	needs-whisper	See Blocks Review
ig_U3hGQMq8	EEVblog2	214	needs-whisper	Yet another Dumpster TV score
hSkaZEgrZkY	EEVblog2	431	needs-whisper	Alkaline Battery Discharge Testing Part 3
XDjyY48u0PU	EEVblog2	593	needs-whisper	Alkaline Battery Discharge Testing Part 2
RFb3TwWzza0	EEVblog2	289	needs-whisper	Alkaline Battery Leakage Test Setup
7PQo9_6dAy0	EEVblog2	969	needs-whisper	Anet N4 LCD SLA Resin Printer
-O-qVAK_DIg	EEVblog2	117	needs-whisper	NGP800 Unboxing
ryIhQQO97V0	EEVblog2	3	needs-whisper	Backed By Science
_IF5rXIpQxI	EEVblog2	355	needs-whisper	A Good Cheap Podcasting Microphone?
MOLasripwgo	EEVblog2	402	needs-whisper	140MW Woolnorth Wind Farm
1gfM_9EdLSs	EEVblog2	606	needs-whisper	Antarctic Neutrino Detector!
QTd3MqA4cZ4	EEVblog2	118	needs-whisper	Robotic Icecream Bar FAIL
TL94sJ3Ykgs	EEVblog2	322	needs-whisper	Merry Solar Roadways Christmas!
cxEZU2R6cqw	EEVblog2	1374	needs-whisper	Normalising Audio - The Levelator vs Auphonic
izCDWjK_pV4	EEVblog2	211	needs-whisper	121GW Autoranging Speed
1T2Dg9_bsXA	EEVblog2	198	no-captions	Every Solar Roadways Needs Silastic!
COEnwNAgBkg	EEVblog2	3268	no-captions	Solar Freakin Roadways SR4 Install
lZ0oPE2HcI0	EEVblog2	1046	needs-whisper	Atmospheric Railways & Hyperloop
YyEMU_qu4PM	EEVblog2	1273	needs-whisper	13yo Invents a Better Hyperloop - Still a STUPID IDEA
dLlhoUHlnjE	EEVblog2	488	needs-whisper	LED Flicker 3 - More Electric Boogaloo
U34nfjy5Wfw	EEVblog2	99	needs-whisper	I'm Testing Something BULLSHIT
5JYaeXJHXJc	EEVblog2	569	needs-whisper	WTF! - How Many GOLD Play Button Youtube Channels?
-W5zEtqJJIo	EEVblog2	658	needs-whisper	C/C++ Interrupt Undefined Behavior
KuT8JqoypF4	EEVblog2	203	needs-whisper	Car Bike Rack Mechanical Design Paranoia
4oHUuXgK_i4	EEVblog2	547	needs-whisper	Soldering Fume Extractor Fan Upgrade
4GUygSdf92A	EEVblog2	292	needs-whisper	Solar Freakin' Bridges! - ANOTHER Solar Roadways FAIL
ePswGFWDqHc	EEVblog2	5449	needs-whisper	Tracking Apollo 11
LQFS1F8_HTQ	EEVblog2	278	needs-whisper	Original Apollo 11 Recording Cabinet!
d0FuFfxY7fI	EEVblog2	939	needs-whisper	Top Gun: Maverick - Trailer Reaction
kUOVSEkrzJc	EEVblog2	342	needs-whisper	Rode NT55 vs M5 Microphone Test
2toD5u5ku1M	EEVblog2	72071	needs-whisper	World's Most Annoying Video
GoKbPDADG0c	EEVblog2	671	needs-whisper	The Incredible Switch Replacement Repair
q4gXnpFPFzQ	EEVblog2	222	needs-whisper	121GW Multimeter 2.00 Firmware
iDF3qy23zyM	EEVblog2	542	needs-whisper	Compiler Optimisations & Why You Should Care
y3_FAl3L4gQ	EEVblog2	368	needs-whisper	Let's Play Guess The New Tektronix Oscilloscope
9FCzAgJhRdc	EEVblog2	306	needs-whisper	NiMH 8000mAh Capacity Claim TESTED
1zKNQNiHeJc	EEVblog2	20	needs-whisper	Tektronix 2465B Magic Smoke CAPTURED!
ipsTGCsXTqA	EEVblog2	70	needs-whisper	Lab Mass Turbulence
jmb9ICnI8xI	EEVblog2	592	needs-whisper	Dumpster Tektronix 475 Oscilloscope Repair - Part 1
fyE1LIydzco	EEVblog2	24	needs-whisper	Field Effect LCD's
el6CB-h9Lo0	EEVblog2	570	needs-whisper	NES on a 64Bit RISC-V Sipeed MAIX
jQ9AXxLJmoQ	EEVblog2	149	needs-whisper	The EEVblog Lab VIBRATES!
S-UqkM8iDKM	EEVblog2	1090	needs-whisper	#1179 - PowerFilm Flexible Indoor Solar Cell
9SD5r5GDc0E	EEVblog2	457	needs-whisper	Live Streaming Arcade Cabinet Build
p4cK-Cks0NQ	EEVblog2	456	needs-whisper	Got Duped On LED Lighting - TWICE!
8qmU7SZu_-I	EEVblog2	492	needs-whisper	Altera Software Dongle Teardown
iwUqE6ZJqgA	EEVblog2	400	needs-whisper	GCC Embedded Linker Followup
tgRzChgDemA	EEVblog2	113	needs-whisper	Visible Light Spectrum Display
wJxQT-fektY	EEVblog2	107	needs-whisper	PCB Hacksaw
BfSZTr3eBHE	EEVblog2	320	needs-whisper	GCC Embedded Linker Issue Stops uSupply Development
StMI8PEYMBg	EEVblog2	250	needs-whisper	Update: Yamaha RX-579 Dumpster Receiver
OBOgiMA89Ks	EEVblog2	360	needs-whisper	My Keysight 1000X Oscilloscope FAILED :-(
AVuVCrYMBwk	EEVblog2	87	needs-whisper	Rohde & Schwarz RTB2004 Timebase Quirk
8rGwsOZS-MI	EEVblog2	239	needs-whisper	Bench tour
vMpTekhWkeM	EEVblog2	264	needs-whisper	LEGO GBC #14 Strandbeest Build - Part 5
y7biXzEz4lQ	EEVblog2	66	needs-whisper	Padauk 3 Cent Micro Programmer Teardown
EjpUYGRXzRQ	EEVblog2	176	needs-whisper	Sagan Soldering!
a5g7-YKhveA	EEVblog2	189	needs-whisper	Rode Microphone Comparison - Lapel vs M5
E0x3oVlUqN4	EEVblog2	308	needs-whisper	GBC 14 LEGO Strandbeest Build - Part 4
u22duJf4n1Q	EEVblog2	249	needs-whisper	Keysight P9336A USB AWG Teardown
QbeTv41l2EQ	EEVblog2	198	needs-whisper	JBC Nano Soldering Iron
FLsCLAf-ahg	EEVblog2	341	needs-whisper	New Suba Engineering PCB Microscope - Tagarno Killer?
Ek2fEpZAK-0	EEVblog2	791	needs-whisper	Electronex 2018 Walkaround
mV0-pV1C6Yk	EEVblog2	462	needs-whisper	Hakko FX-951 Ripoff First Look, Rant & Use
P9MUpqU-0xo	EEVblog2	34	needs-whisper	Sponge P0rn - FX-951 Ripoff
816X9JuoFd8	EEVblog2	60	needs-whisper	This Dumpster Printer Was Office Spaced!
3ELZ2eIDk78	EEVblog2	227	needs-whisper	New Custom LCD
yQ7_A4Cr9ak	EEVblog2	554	needs-whisper	Physics in the Pub - Electricity
TTH24s0TTVU	EEVblog2	657	needs-whisper	Physics In The Pub - Famous Patents
iwxrzyYYxgk	EEVblog2	144	needs-whisper	Rode M5 vs Samson C01U Microphone Test
ag-MjKAfATw	EEVblog2	1691	needs-whisper	Rode AI-1 USB Audio Interface Teardown
7iYcpiY2T2U	EEVblog2	519	needs-whisper	TS80 USB-C Portable Soldering Iron Follow-up
pZV-cgWU6jE	EEVblog2	583	no-captions	Merlin The Electronic Wizard - Having a play!
CMoBGGqojqs	EEVblog2	3032	needs-whisper	Rigol MSO7000 Unboxing & First Impressions
6FrVOXitrVk	EEVblog2	23	needs-whisper	4K Sponge P0rn - Pace ADS200
wZTn1NKSMdY	EEVblog2	450	needs-whisper	Crap Quality XLR Microphone Cable Teardown
k5sEjltLdk0	EEVblog2	232	needs-whisper	LEGO Technic GBC Module #14 - Strandbeest Build - Part 2
eUA2TRX1NTc	EEVblog2	1387	needs-whisper	STM32 ARM Development - DMA & ADC Discussion
53hkyuwIM94	EEVblog2	17	needs-whisper	4K Sponge Action P0rn
vwVXl-RQWXs	EEVblog2	150	needs-whisper	121GW High Volatge AC Test
YPUJipe8Loo	EEVblog2	341	needs-whisper	121GW Meter 1210V Test
IsIKyt64Tt4	EEVblog2	666	needs-whisper	Casio FX-991EX Scientific Calculator Review
KsBVBtUDYx4	EEVblog2	593	needs-whisper	Alesis M1 Active 520USB Studio Monitor Teardown
gKHKqCcJW8c	EEVblog2	374	needs-whisper	A Tesla costs HOW MUCH in Australia?
QTFuEKNE7G0	EEVblog2	514	needs-whisper	Ready Player One Final Trailer Reaction
dAsQfZUIo8k	EEVblog2	11	no-captions	RIP Stephen Hawking
KJqGP2UrvcE	EEVblog2	1850	needs-whisper	Synology RAID Setup
Bh3gcBr0DKs	EEVblog2	575	needs-whisper	How to do Lifecycle Testing
nn3vfla67KI	EEVblog2	413	needs-whisper	"Dumpster Diving - 27"" Apple iMac WOW!"
S_HIs1Rv5KQ	EEVblog2	2349	needs-whisper	EEVblog1062 - The Things Network - Progress Edit
07HOeN4fdyg	EEVblog2	843	needs-whisper	ShadeCraft Sunflower - Internet Of Things FAIL
QSmiMlWEpy0	EEVblog2	553	needs-whisper	121GW Range Switch Cycling Test Jig
n7XX75S98e8	EEVblog2	373	needs-whisper	µCurrent Opamp Divider Input Bypass Testing
Lhmg1jUNxVc	EEVblog2	388	needs-whisper	Yet another dumpster dive i7 machine!
l2LBkXxN81Y	EEVblog2	495	needs-whisper	µCurrent Offset Voltage Fix
r7LbLwnYVZE	EEVblog2	4528	needs-whisper	Making robots for Mars with NASA scientist Dave Lavery
VmPo0XPuKWM	EEVblog2	427	needs-whisper	IBM PC jr 512KB Memory Sidecar Teardown
uUCQuIp_hzU	EEVblog2	392	needs-whisper	121GW Ohms Autoranging Speed Update
0klmqsykrYU	EEVblog2	252	needs-whisper	Pocket Multimeter Continuity Shootout
3MD88EYLdQQ	EEVblog2	102	needs-whisper	121GW Hacked firmware test
G4AtWiuY9M4	EEVblog2	443	needs-whisper	EEVblog 1053 - Part 2 : IBM PC Jr Troubleshooting
Xg_niU86bhI	EEVblog2	840	needs-whisper	Wens 540 Handheld Oscilloscope Multimeter Teardown
ZgdH4Xhd2WA	EEVblog2	229	needs-whisper	AirBnB Media Room Home Automation
okaYXwzHzoY	EEVblog2	482	needs-whisper	Dumpster Diving PC's
ZtOXfFkV2jw	EEVblog2	196	needs-whisper	LCD Bias Experiment!
NUTQhwxNupQ	EEVblog2	245	needs-whisper	Patent Piss-Take - Multimeter Innovation!
B85WDMTaHnc	EEVblog2	5774	no-captions	x5 Time Lapse PCB Layout
abIo-_84d7E	EEVblog2	519	needs-whisper	MORE Core i7 Dumpster PCs!
Z6yLBqc5SCc	EEVblog2	110	needs-whisper	Sony WatchCam CRT Fun With Neodymium Magnets
q1CaC_Ezt-c	EEVblog2	180	needs-whisper	Sony WatchCam CRT Geometry Adjustment
8JwYlFtA1HM	EEVblog2	226	needs-whisper	Keysight 34460/70 Multimeter Specification Issue Explained
kCmJkyJouuY	EEVblog2	185	needs-whisper	Work Bench ESD Matting
DrLaAL4NVJc	EEVblog2	481	needs-whisper	Star Wars Last Jedi Trailer Reaction + The µSupply
3J1JdeHBKd8	EEVblog2	798	needs-whisper	20 Core Dual Xeon Processor Upgrade!
nLr1wIApbF4	EEVblog2	576	needs-whisper	Dumpster Find: Canon Photocopier
Lchtj5H0YC0	EEVblog2	2350	needs-whisper	EEVblog #1028 -  PC104 - The Full Version
Ylb8TqGizU8	EEVblog2	284	needs-whisper	µSleeve Product Announcement
Iwy8UVVQNkA	EEVblog2	964	needs-whisper	Sanwa PM300 Pocket Multimeter Review
rLly4WdRAjY	EEVblog2	930	needs-whisper	More uBeam Ultrasonic Wireless Charging LOL's!
Yyuk3--FWfs	EEVblog2	673	needs-whisper	Samson USB GO Mic Teardown
QwBelbAYo2Q	EEVblog2	189	needs-whisper	Engineering Notation on 121GW Software
-jpWAXKdx6Y	EEVblog2	6190	needs-whisper	LEGO Saturn V Moon Rocket Build Part 3 of 3
T_qzB2pppJE	EEVblog2	60	no-captions	Thunderf00t at Solar Roadways!
Wwz_fdU17aQ	EEVblog2	116	needs-whisper	121GW Multimeter Thermal Test
_Nlf8Y5HWqk	EEVblog2	4476	needs-whisper	LEGO NASA Apollo Saturn V Moon Rocket Build - Stage 2
Gh28j49KWrI	EEVblog2	408	needs-whisper	Star Wars 8 - The Last Jedi (D23) Trailer Reaction
BoL8gD8IcXg	EEVblog2	460	needs-whisper	Mantis Elite Cam & LattePanda Project FAIL
9m3mKq98C8k	EEVblog2	9277	needs-whisper	LEGO Saturn V Moon Rocket Build - Part 1
kF7sJbAQRHY	EEVblog2	1157	needs-whisper	Microsoft Surface Pro (5) Unboxing & Setup
WiMe9peQbTQ	EEVblog2	631	needs-whisper	More Wireless Phone Charging BULLSHIT! - AirVolt
QX9XlaYwU5k	EEVblog2	718	needs-whisper	DIYODE - New Electronics Magazine!
96XE5Ye1q6I	EEVblog2	62	needs-whisper	121GW EEVblog Multmeter Firmware Update
SeGep-oHcFs	EEVblog2	55	needs-whisper	Pure Silicon Sphere. World's Roundest Object!
VTAwzrKPjeE	EEVblog2	1097	needs-whisper	Nixie Tube Display ESP8266 Wemos D1 Mini Testing
WdCA-sgUZn8	EEVblog2	219	needs-whisper	Rode Podcaster vs Samson C01U Proximity Effect
L0kraVM6F8A	EEVblog2	68	needs-whisper	Rode Podcaster vs Samson CO1U USB Microphone
9zYFUoXI7kw	EEVblog2	78	needs-whisper	Olympus Microscope Z Axis Calibration Check
3lOXgwUAqR4	EEVblog2	75	needs-whisper	Widlarizing an SD Card!
Lrhee7hz53U	EEVblog2	172	needs-whisper	Dumpster Light Box
l0YlG2tgD28	EEVblog2	460	needs-whisper	Dallas Semiconductor Wafer Art!
UJjMt2-k99c	EEVblog2	620	needs-whisper	What Is An Oscilloscope?
87E3wqfxHqg	EEVblog2	152	needs-whisper	Dodgy Silicone Test Leads!
8Hq4NymCN7M	EEVblog2	463	needs-whisper	Star Wars - The Last Jedi Teaser Trailer REACTION
TNl1EoesI6M	EEVblog2	105	needs-whisper	Apollo 11 Honeysuckle Creek Receiving Dish
PvM6hs4PMQI	EEVblog2	7138	needs-whisper	The Amp Hour SPACE SPECIAL! With Fran Blanche
Ott9syzNLuE	EEVblog2	158	needs-whisper	Rohde & Schwarz RTB2004 Acquisition Bug Part 2
l-fuyHCs2Sw	EEVblog2	372	needs-whisper	Rohde & Schwarz RTB2004 Oscilloscope Acquisition Bug
M9dWzzfgo0Y	EEVblog2	28	needs-whisper	Keysight 1000X Oscilloscope Bug?
5iS4hVc90PE	EEVblog2	388	needs-whisper	How To Make Acoustic Studio Panels
RDUn3CoVmuc	EEVblog2	462	needs-whisper	EEVblog Multimeter 3D Printed SLA case
e_a1YJ_yZug	EEVblog2	2759	needs-whisper	Batteriser / Batteroo Toy Train Test
5eJorvyA708	EEVblog2	402	needs-whisper	Altium Designer Serious ERC bug
DNlA4X5_S30	EEVblog2	166	needs-whisper	Schematic Component Library Drawing Tip
RXk_wr0g8UM	EEVblog2	119	needs-whisper	Nixie Tube Voltage Drop
Oa70_S1BRHI	EEVblog2	16	no-captions	1980's EEVblog Intro
U-lbGHJkWm4	EEVblog2	108	needs-whisper	Markforged Mark Two 3D Printer
W-wR5OgyJK8	EEVblog2	110	needs-whisper	Tektronix TIVM1 Optical Fibre 1GHz Isolated Differential Probe
ZgfDGYG3Dok	EEVblog2	42	no-captions	1000fps High Speed Mechanical Inverter
HBLKxC4JzTA	EEVblog2	369	needs-whisper	Space Electronics Circuit Protection
fxEFnCpq_m4	EEVblog2	197	needs-whisper	Dumpster Diving 50 inch LG LCD TV
d5CxW3VBoZU	EEVblog2	86	needs-whisper	BM235 Firmware Quirk
zVA5reh4kF4	EEVblog2	115	no-captions	Timelapse PCB Layout Capture x256 Speed!
bqEDSoF4rcg	EEVblog2	1263	needs-whisper	Ghostbusters Trailer 1, 2, International & Original Reaction
HiqtXdK1Dtk	EEVblog2	3078	needs-whisper	EEVblog #879 - R&S HMO1202 Hacking Extended Version
74O5TmiG3MU	EEVblog2	2230	needs-whisper	Extended Cut: EEVblog #874 - Ted Wale
i6TAiSnqfCU	EEVblog2	73	no-captions	Makerbot Replicator Rabbit Time Lapse Build
j5XmxupjTdE	EEVblog2	1102	needs-whisper	Sony Experia Z3 Compact LCD Repair
eQbIj7JeIIQ	EEVblog2	599	needs-whisper	David2 PSU Challenge
9XpGFWTxU6s	EEVblog2	531	needs-whisper	Youtube Stats Analysis - Proving Views Aren't Faked
M8Ll3fRqY4I	EEVblog2	38	needs-whisper	Dumster Dive Kogan LCD TV Art
IWPrDks7wzI	EEVblog2	150	no-captions	Inventables X-Carve Time Lapse Build
DJDkKCjVn58	EEVblog2	30	no-captions	New LED Panel Lighting Install Timelapse
HB1P86YsXhs	EEVblog2	178	needs-whisper	Tagarno Microscope & Pebble Time Watch
WDYOSddZwto	EEVblog2	307	needs-whisper	Mystery Keysight Unboxing
JJwxFFpnt0M	EEVblog2	828	needs-whisper	ATL HDI3000 Ultrasound Machine
dUooBnCHgFg	EEVblog2	5898	needs-whisper	Live Teardown
FPK1_hy4KMU	EEVblog2	193	needs-whisper	Dumpster Dive HD Plasma TV
HfQz0Yik10c	EEVblog2	3275	needs-whisper	Maker Faire Sydney - Trends in Hardware Innovation Fireside Chat
7ed8X5zNTj0	EEVblog2	454	needs-whisper	Indiana Jones Scale Model Train Set Teardown
jUJCRPSAztA	EEVblog2	61	no-captions	Sagan At Altronics
YDZvy6R66_M	EEVblog2	310	needs-whisper	Rode NT3 Microphone Prototype
fK2KBDo7ISY	EEVblog2	4722	needs-whisper	Dick Smith - Amateur Radio & Adventure
mFAVUcrltpg	EEVblog2	253	needs-whisper	Hackaday Prize Finalists
O3LP2entyNQ	EEVblog2	177	needs-whisper	Fluke VT02 Visual Thermometer vs Flir i3 Thermal Camera
adSk6suM29E	EEVblog2	647	needs-whisper	Silicon Chip Electronex 2014
mjfOTRBqpJw	EEVblog2	679	no-captions	Interview with Rod Elliott from Elliott Sound Products
Z9t6KFUUaqM	EEVblog2	413	needs-whisper	LAB LED Lighting Shuffle
VfGUM66j5zg	EEVblog2	429	needs-whisper	Destin From SmarterEveryDay - High Speed Video Capture
Bg_s25z3W1E	EEVblog2	327	needs-whisper	Dumpster Dive - Gigabyte Motherboard
lppoXnpNqz0	EEVblog2	119	needs-whisper	Retro Vintage: An Original Apple I Computer In A Briefcase
vZQdSBjdMZQ	EEVblog2	1525	needs-whisper	Sydney Maker Faire 2014 - Introduction Talk
VGwCZ8_EzqI	EEVblog2	3094	needs-whisper	Maker Fair Sydney 2014 Talk - Growing Maker Communities
Wf7t3MTH7s4	EEVblog2	2640	needs-whisper	EEVblog2 #650 - Canon HF G30 Camcorder Review - FULL
fr1FkUauc18	EEVblog2	355	needs-whisper	EEVblog LAB Network Cabling
bYPNhWfPQFE	EEVblog2	332	needs-whisper	IgniteSydney12: Be a maker, not just a consumer - Raspberry Pi
0J3gp0Q7R-w	EEVblog2	384	needs-whisper	Another Dumpster Dive Laser Printer
nyfD_bgnsG0	EEVblog2	1394	needs-whisper	Sydney Maker Faire 2013 - Behind The Scenes
E-YspiURsBc	EEVblog2	86	no-captions	Sydney Maker Faire 2013 - Robo Dino Time-lapse
_BnOsgeFkYA	EEVblog2	34	no-captions	Sydney Maker Fair 2013 - Time-lapse Turbine Hall
0ifbVLZBOMs	EEVblog2	145	no-captions	The Dish - Parkes Radio Telescope
RIqUGwAzZI0	EEVblog2	399	needs-whisper	OpenROV - Open Source Underwater Robot - Sydney Maker Faire 2013
icHSkvt3yk8	EEVblog2	378	needs-whisper	Sydney Robot Workshop - R2-D2 - Sydney Maker Faire 2013
lPlgHsyjn6k	EEVblog2	2108	needs-whisper	James Meigs Presentation - Devcon 2010
GaMpbx8kMbU	EEVblog2	369	needs-whisper	Shuttle PC Rebuild
-xX2kK-RmQU	EEVblog2	1102	needs-whisper	Hack A Day Prize Interview
h114siAxzOU	EEVblog2	86	needs-whisper	Tagarno Microscope Capture Test
lmGS50kXalg	EEVblog2	127	needs-whisper	SolarInstallationTimeLapse
gqzZHbEfWDU	EEVblog2	847	needs-whisper	KoradFollowup Charles
qod7axjK06w	EEVblog2	220	needs-whisper	ElectronexStandSetup 1280x720
ulSTHy5kItM	EEVblog2	197	needs-whisper	$140K Agilent Oscilloscope Unboxing
